index,d__Bacteria,d__Archaea,Reads_count_x,Age,Age_group,Barcode,BarcodeSequence,Cohort,Country,DUPLICATE_code,Database,Date,Description,Dx,Enzyme,FFPE_fresh,Family,Gel amount,Gender,LinkerPrimerSequence,Organism,Reads_count_y,Source,Swab,Time,Time2,amount,box,pn_ID,position,reads_number,remark,remarks2,sample_ID,abv_4k
DB38.231,8630.0,0.0,,,,P-231,GTGTTCCCAGAA,CORE,Israel,,DB38,11_09_2023,DB38.231,,HiKapa,,,3.0,,GGACTACHVGGGTWTCTAAT,human,,stool,,,,,,CR063,FSH07FTYH07,,,,CR063_M1,
DB38.150,9358.0,0.0,,,,P-150,ACGCGAACTAAT,CORE,Israel,,DB38,,DB38.150,,HiKapa,,,3.0,,GGACTACHVGGGTWTCTAAT,human,,stool,,,,,,CR070,FSH07FTZE08,,,,CR070_M18,
DB38.329,28008.0,0.0,,,,P-329,CAAAGCGGTATT,seker,,,DB38,01_04_2026,DB38.329,,HiKapa,,,,,GGACTACHVGGGTWTCTAAT,human,,stool,,,,,,SK1595,FSH07FTXG08,,,,SK1595F0426,
DB38.342,14.0,0.0,,,,P-342,TATGAACGTCCG,seker,,,DB38,01_11_2025,DB38.342,,HiKapa,,,,,GGACTACHVGGGTWTCTAAT,human,,stool,,,,,,SK1412,FSH07FTXD10,,,,SK1412F1125,
DB38.244,1771.0,0.0,,,,P-244,GAGACGTGTTCT,CORE,Israel,,DB38,22_03_2024,DB38.244,,HiKapa,,,3.0,,GGACTACHVGGGTWTCTAAT,human,,stool,,,,,,CR042,FSH07FTYC09,,,,CR042_M11,
DB38.225,1493.0,0.0,,,,P-225,GTCGCCGTACAT,CORE,Israel,,DB38,06_08_2023,DB38.225,,HiKapa,,,10.0,,GGACTACHVGGGTWTCTAAT,human,,stool,,,,,,CR067,FSH07FTYH06,,,,CR067_M2,
DB38.064,3728.0,0.0,,,,P-064,TCTCTACCACTC,CORE,Israel,,DB38,21_12_2023,DB38.064,,HiKapa,,,3.0,,GGACTACHVGGGTWTCTAAT,human,,stool,,,,,,CR016,FSH07FU0H08,,,,CR016_M9,
DB38.184,21174.0,0.0,,,,P-184,ACGATTCGAGTC,CORE,Israel,,DB38,14_07_2025,DB38.184,,HiKapa,,,3.0,,GGACTACHVGGGTWTCTAAT,human,,stool,,,,,,CR067,FSH07FTYG01,,,,CR067_M24,
DB38.124,17696.0,0.0,,,,P-124,CCTGCGAAGTAT,CORE,Israel,,DB38,,DB38.124,,HiKapa,,,3.0,,GGACTACHVGGGTWTCTAAT,human,,stool,,,,,,CR035,FSH07FTZC05,,,,CR035_M21,
DB38.302,26991.0,0.0,,,,P-302,TGTATCTTCACC,seker,,,DB38,01_03_2026,DB38.302,,HiKapa,,,,,GGACTACHVGGGTWTCTAAT,human,,stool,,,,,,SK1553,FSH07FTXD05,,,,SK1553F0326,
DB38.417,21.0,0.0,,,,P-417,CAAGCCCTAGTA,avia,,,DB38,,DB38.417,,HiKapa,,,10.0,,GGACTACHVGGGTWTCTAAT,consortium,,stool,,,,,,,manual_rotem_8,,,,CD5,
DB38.002,8304.0,0.0,,,,P-002,GCTGTACGGATT,CORE,Israel,,DB38,,DB38.002,,HiKapa,,,3.0,,GGACTACHVGGGTWTCTAAT,human,,stool,,,,,,CR034,FSH07FU0B01,,,,CR034_M5,
DB38.273,44935.0,0.0,,,,P-273,ATAGCGAACTCA,BGI,,,DB38,,DB38.273,,HiKapa,,,,,GGACTACHVGGGTWTCTAAT,isolates,,stool,,,,,,,FSH07FTXG01,,,,AL-TUM-6,
DB38.292,19692.0,0.0,,,,P-292,ATTATCGTCCCT,seker,,,DB38,01_02_2026,DB38.292,,HiKapa,,,,,GGACTACHVGGGTWTCTAAT,human,,stool,,,,,,SK1532,FSH07FTXB04,,,,SK1532F0226,
DB38.080,21842.0,487.0,,,,P-080,TAGTATGCGCAA,CORE,Israel,,DB38,25_12_2023,DB38.080,,HiKapa,,,3.0,,GGACTACHVGGGTWTCTAAT,human,,stool,,,,,,CR054,FSH07FU0H10,,,,CR054_M6,
DB38.338,5.0,0.0,,,,P-338,AAGGGCGCTGAA,seker,,,DB38,01_12_2025,DB38.338,,HiKapa,,,,,GGACTACHVGGGTWTCTAAT,human,,stool,,,,,,SK1487,FSH07FTXH09,,,,SK1487F1225,
DB38.202,6877.0,0.0,,,,P-202,GTCTTCAGCAAG,CORE,Israel,,DB38,,DB38.202,,HiKapa,,,3.0,,GGACTACHVGGGTWTCTAAT,human,,stool,,,,,,CR053,FSH07FTYA04,,,,CR053_M16,
DB38.381,22082.0,3.0,,,,P-381,GCTATCAAGACA,CORE,,,DB38,22_01_2024,DB38.381,,HiKapa,,,,,GGACTACHVGGGTWTCTAAT,human,,stool,,,,,,CR069,manual_gilat_27,,,,CR069_M6,
DB38.118,32173.0,0.0,,,,P-118,TATCTATCCTGC,CORE,Israel,,DB38,,DB38.118,,HiKapa,,,10.0,,GGACTACHVGGGTWTCTAAT,human,,stool,,,,,,CR031,FSH07FTZF04,,,,CR031_M21,
DB38.070,22.0,0.0,,,,P-070,GATTCCGGCTCA,CORE,Israel,,DB38,30_04_2024,DB38.070,,HiKapa,,,10.0,,GGACTACHVGGGTWTCTAAT,human,,stool,,,,,,CR044,FSH07FU0F09,,,,CR044_M9,
DB38.394,24986.0,0.0,,,,P-394,TTACCTTACACC,CORE,,,DB38,16_06_2023,DB38.394,,HiKapa,,,,,GGACTACHVGGGTWTCTAAT,human,,stool,,,,,,CR034,manual_gilat_27,,,,CR034_M2,
DB38.190,2862.0,0.0,,,,P-190,CGGATCTAGTGT,CORE,Israel,,DB38,,DB38.190,,HiKapa,,,5.0,,GGACTACHVGGGTWTCTAAT,human,,stool,,,,,,CR042,FSH07FTYE02,,,,CR042_M20,
DB38.385,12.0,0.0,,,,P-385,CATCAAGCATAG,CORE,,,DB38,23_01_2024,DB38.385,,HiKapa,,,,,GGACTACHVGGGTWTCTAAT,human,,stool,,,,,,CR044,manual_gilat_27,,,,CR044_M6,
DB38.418,68.0,0.0,,,,P-418,TAGTGTCGGATC,avia,,,DB38,,DB38.418,,HiKapa,,,10.0,,GGACTACHVGGGTWTCTAAT,consortium,,stool,,,,,,,manual_rotem_8,,,,CD4,
DB38.169,12001.0,0.0,,,,P-169,TCTGCACTGAGC,CORE,Israel,,DB38,07_05_2025,DB38.169,,HiKapa,,,3.0,,GGACTACHVGGGTWTCTAAT,human,,stool,,,,,,CR002,FSH07FTZH10,,,,CR002_M24,
DB38.387,8686.0,0.0,,,,P-387,GCACATAGTCGT,CORE,,,DB38,,DB38.387,,HiKapa,,,,,GGACTACHVGGGTWTCTAAT,human,,stool,,,,,,CR045,manual_gilat_27,,,,CR045_M18,
DB38.339,3373.0,0.0,,,,P-339,GTTTCCGTGGTG,seker,,,DB38,01_09_2024,DB38.339,,HiKapa,,,3.0,,GGACTACHVGGGTWTCTAAT,human,,stool,,,,,,SK0939,manual4_rotem_4,,,,SK0939F0924,
DB38.430,45353.0,0.0,,,,P-430,TGGTTATGGCAC,avia,,,DB38,,DB38.430,,TAKARA,,,5.0,,GGACTACHVGGGTWTCTAAT,consortium,,stool,,,,,,,manual_gilat_takara,,,,CD5,
DB38.043,16141.0,0.0,,,,P-043,AAGGCGCTCCTT,CORE,Israel,,DB38,15_02_2024,DB38.043,,HiKapa,,,3.0,,GGACTACHVGGGTWTCTAAT,human,,stool,,,,,,CR008,FSH07FU0C06,,,,CR008_M9,
DB38.134,6681.0,0.0,,,,P-134,TGCAGCAAGATT,CORE,Israel,,DB38,,DB38.134,,HiKapa,,,3.0,,GGACTACHVGGGTWTCTAAT,human,,stool,,,,,,CR048,FSH07FTZE06,,,,CR048_M18,
DB38.327,15326.0,5.0,,,,P-327,ACGGCGTTATGT,seker,,,DB38,01_04_2026,DB38.327,,HiKapa,,,,,GGACTACHVGGGTWTCTAAT,human,,stool,,,,,,SK1588,FSH07FTXE08,,,,SK1588F0426,
DB38.255,682.0,0.0,,,,P-255,AATGACCTCGTG,CORE,Israel,,DB38,25_4___,DB38.255,,HiKapa,,,3.0,,GGACTACHVGGGTWTCTAAT,human,,stool,,,,,,CR053,FSH07FTYF10,,,,CR053_M11,
DB38.410,30403.0,28.0,,,,P-410,TGGAAGAACGGC,CORE,,,DB38,,DB38.410,,HiKapa,,,10.0,,GGACTACHVGGGTWTCTAAT,human,,stool,,,,,,CR038,manual_rotem_8,,,,CR038_M16,
DB38.207,4136.0,0.0,,,,P-207,ACTGATGGCCTC,CORE,Israel,,DB38,,DB38.207,,HiKapa,,,3.0,,GGACTACHVGGGTWTCTAAT,human,,stool,,,,,,CR022,FSH07FTYF04,,,,CR022_M11,
DB38.093,11852.0,2.0,,,,P-093,TGGAGTAGGTGG,CORE,Israel,,DB38,,DB38.093,,HiKapa,,,3.0,,GGACTACHVGGGTWTCTAAT,human,,stool,,,,,,CR003,FSH07FTZE01,,,,CR003_M21,
DB38.222,12525.0,0.0,,,,P-222,TACACAAGTCGC,CORE,Israel,,DB38,06_07_2023,DB38.222,,HiKapa,,,3.0,,GGACTACHVGGGTWTCTAAT,human,,stool,,,,,,CR035,FSH07FTYE06,,,,CR035_M2,
DB38.120,19477.0,0.0,,,,P-120,AGTAGCGGAAGA,CORE,Israel,,DB38,,DB38.120,,HiKapa,,,3.0,,GGACTACHVGGGTWTCTAAT,human,,stool,,,,,,CR033,FSH07FTZH04,,,,CR033_M21,
DB38.165,20187.0,0.0,,,,P-165,TGCCGTATGCCA,CORE,Israel,,DB38,05_05_2025,DB38.165,,HiKapa,,,3.0,,GGACTACHVGGGTWTCTAAT,human,,stool,,,,,,CR071,FSH07FTZD10,,,,CR071_M21,
DB38.319,4044.0,0.0,,,,P-319,TATCCAAGCGCA,seker,,,DB38,01_03_2026,DB38.319,,HiKapa,,,,,GGACTACHVGGGTWTCTAAT,human,,stool,,,,,,SK1575,FSH07FTXE07,,,,SK1575F0326,
DB38.015,11739.0,0.0,,,,P-015,GAATACCAAGTC,CORE,Israel,,DB38,13_11_2023,DB38.015,,HiKapa,,,3.0,,GGACTACHVGGGTWTCTAAT,human,,stool,,,,,,CR038,FSH07FU0G02,,,,CR038_M5,
DB38.306,18321.0,29.0,,,,P-306,GGCGATTTACGT,seker,,,DB38,01_03_2026,DB38.306,,HiKapa,,,,,GGACTACHVGGGTWTCTAAT,human,,stool,,,,,,SK1557,FSH07FTXH05,,,,SK1557F0326,
DB38.274,10458.0,0.0,,,,P-274,TAACGCTGTGTG,BGI,,,DB38,,DB38.274,,HiKapa,,,,,GGACTACHVGGGTWTCTAAT,isolates,,stool,,,,,,,FSH07FTXH01,,,,AL-TUM-3,
DB38.183,25135.0,0.0,,,,P-183,CTGTCAGTGACC,CORE,Israel,,DB38,14_07_2025,DB38.183,,HiKapa,,,3.0,,GGACTACHVGGGTWTCTAAT,human,,stool,,,,,,CR060,FSH07FTYF01,,,,CR060_M24,
DB38.263,4.0,0.0,,,,P-263,GATGCTGCCGTT,CORE,Israel,,DB38,06_10_2024,DB38.263,,HiKapa,,,10.0,,GGACTACHVGGGTWTCTAAT,human,,stool,,,,,,CR016,FSH07FTYF11,,,,CR016_M18,
DB38.171,13280.0,0.0,,,,P-171,TGGGTCCCACAT,CORE,Israel,,DB38,07_05_2025,DB38.171,,HiKapa,,,3.0,,GGACTACHVGGGTWTCTAAT,human,,stool,,,,,,CR038,FSH07FTZB11,,,,CR038_M24,
DB38.068,24763.0,0.0,,,,P-068,CCACAGATCGAT,CORE,Israel,,DB38,26_02_2024,DB38.068,,HiKapa,,,3.0,,GGACTACHVGGGTWTCTAAT,human,,stool,,,,,,CR048,FSH07FU0D09,,,,CR048_M9,
DB38.089,14682.0,0.0,,,,P-089,CTGCTATTCCTC,CORE,Israel,,DB38,,DB38.089,,HiKapa,,,3.0,,GGACTACHVGGGTWTCTAAT,human,,stool,,,,,,CR001,FSH07FTZA01,,,,CR001_M21,
DB38.353,29543.0,5.0,,,,P-353,ATTGAGTGAGTC,seker,,,DB38,01_01_2026,DB38.353,,HiKapa,,,3.0,,GGACTACHVGGGTWTCTAAT,human,,stool,,,,,,SK1509,manual4_rotem_4,,,,SK1509F0126,
DB38.039,21326.0,1137.0,,,,P-039,TCGACATCTCTT,CORE,Israel,,DB38,25_02_2024,DB38.039,,HiKapa,,,3.0,,GGACTACHVGGGTWTCTAAT,human,,stool,,,,,,CR054,FSH07FU0G05,,,,CR054_M9,
DB38.276,18332.0,0.0,,,,P-276,GCCGTCTCGTAA,BGI,,,DB38,,DB38.276,,HiKapa,,,,,GGACTACHVGGGTWTCTAAT,isolates,,stool,,,,,,,FSH07FTXB02,,,,L-Clos pref,
DB38.008,11625.0,0.0,,,,P-008,ATCCTTTGGTTC,CORE,Israel,,DB38,23_10_2023,DB38.008,,HiKapa,,,3.0,,GGACTACHVGGGTWTCTAAT,human,,stool,,,,,,CR042,FSH07FU0H01,,,,CR042_M5,
DB38.239,9631.0,0.0,,,,P-239,GCCACGACTTAC,CORE,Israel,,DB38,03_07_2023,DB38.239,,HiKapa,,,3.0,,GGACTACHVGGGTWTCTAAT,human,,stool,,,,,,CR041,FSH07FTYF08,,,,CR041_M1,
DB38.028,6687.0,0.0,,,,P-028,CGAGGGAAAGTC,CORE,Israel,,DB38,22_09_2024,DB38.028,,HiKapa,,,3.0,,GGACTACHVGGGTWTCTAAT,human,,stool,,,,,,CR007,FSH07FU0D04,,,,CR007_M18,
DB38.193,15510.0,0.0,,,,P-193,GCATCAGAGTTA,CORE,Israel,,DB38,19_02_2024,DB38.193,,HiKapa,,,3.0,,GGACTACHVGGGTWTCTAAT,human,,stool,,,,,,CR022,FSH07FTYH02,,,,CR022_M12,
DB38.266,92716.0,0.0,,,,P-266,TGGCTTTCTATC,,,,DB38,,DB38.266,,HiKapa,,,,,GGACTACHVGGGTWTCTAAT,human,,,,,,,,,FSH07FTYA12,,,,[No Value],
DB38.243,5172.0,131.0,,,,P-243,AGATGATCAGTC,CORE,Israel,,DB38,,DB38.243,,HiKapa,,,3.0,,GGACTACHVGGGTWTCTAAT,human,,stool,,,,,,CR027,FSH07FTYB09,,,,CR027_M13,
DB38.194,10527.0,0.0,,,,P-194,GTGGTCATCGTA,CORE,Israel,,DB38,00_01_2025,DB38.194,,HiKapa,,,3.0,,GGACTACHVGGGTWTCTAAT,human,,stool,,,,,,CR022,FSH07FTYA03,,,,CR022_M17,
DB38.051,13435.0,613.0,,,,P-051,CTATCTCCTGTC,CORE,Israel,,DB38,01_01_2024,DB38.051,,HiKapa,,,3.0,,GGACTACHVGGGTWTCTAAT,human,,stool,,,,,,CR027,FSH07FU0C07,,,,CR027_M9,
DB38.104,8903.0,0.0,,,,P-104,ATCTACCGAAGC,CORE,Israel,,DB38,,DB38.104,,HiKapa,,,3.0,,GGACTACHVGGGTWTCTAAT,human,,stool,,,,,,CR013,FSH07FTZH02,,,,CR013_M24,
DB38.279,19122.0,0.0,,,,P-279,GCGTTGCAAACT,BGI,,,DB38,,DB38.279,,HiKapa,,,,,GGACTACHVGGGTWTCTAAT,isolates,,stool,,,,,,,FSH07FTXE02,,,,AL-G.Mor,
DB38.362,12751.0,0.0,,,,P-362,GCATTACTGGAC,CORE,,,DB38,21_12_2023,DB38.362,,HiKapa,,,3.0,,GGACTACHVGGGTWTCTAAT,human,,stool,,,,,,CR033,manual4_rotem_4,,,,CR033_M9,
DB38.035,15477.0,0.0,,,,P-035,TACGAGCCCTAA,CORE,Israel,,DB38,07_10_2024,DB38.035,,HiKapa,,,3.0,,GGACTACHVGGGTWTCTAAT,human,,stool,,,,,,CR014,FSH07FU0C05,,,,CR014_M18,
DB38.368,9188.0,0.0,,,,P-368,CATGTGCTTAGG,avia,,,DB38,,DB38.368,,HiKapa,,,,,GGACTACHVGGGTWTCTAAT,pooling,,stool,,,,,,,manual_gilat,,,,uc2,
DB38.175,11528.0,0.0,,,,P-175,TCGTCAAACCCG,CORE,Israel,,DB38,,DB38.175,,HiKapa,,,3.0,,GGACTACHVGGGTWTCTAAT,human,,stool,,,,,,CR032,FSH07FTZF11,,,,CR032_M24,
DB38.020,12272.0,0.0,,,,P-020,GATCTGCGATCC,CORE,Israel,,DB38,19_03_2024,DB38.020,,HiKapa,,,3.0,,GGACTACHVGGGTWTCTAAT,human,,stool,,,,,,CR019,FSH07FU0D03,,,,CR019_M12,
DB38.340,38591.0,0.0,,,,P-340,AGGAACCAGACG,seker,,,DB38,01_11_2025,DB38.340,,HiKapa,,,,,GGACTACHVGGGTWTCTAAT,human,,stool,,,,,,SK1424,FSH07FTXB10,,,,SK1424F1125,
DB38.234,21597.0,0.0,,,,P-234,CTCGTGAATGAC,CORE,Israel,,DB38,01_08_2023,DB38.234,,HiKapa,,,3.0,,GGACTACHVGGGTWTCTAAT,human,,stool,,,,,,CR067,FSH07FTYA08,,,,CR067_M1,
DB38.309,46244.0,0.0,,,,P-309,CGCACTACGCAT,seker,,,DB38,01_03_2026,DB38.309,,HiKapa,,,,,GGACTACHVGGGTWTCTAAT,human,,stool,,,,,,SK1560,FSH07FTXC06,,,,SK1560F0326,
DB38.287,17566.0,38.0,,,,P-287,GAAATGCTACGT,seker,,,DB38,01_01_2026,DB38.287,,HiKapa,,,,,GGACTACHVGGGTWTCTAAT,human,,stool,,,,,,SK1523,FSH07FTXE03,,,,SK1523F0126,
DB38.182,8628.0,0.0,,,,P-182,CGCTGTGGATTA,CORE,Israel,,DB38,07_07_2025,DB38.182,,HiKapa,,,3.0,,GGACTACHVGGGTWTCTAAT,human,,stool,,,,,,CR068,FSH07FTYE01,,,,CR068_M24,
DB38.242,10578.0,0.0,,,,P-242,GCAGATTTCCAG,CORE,Israel,,DB38,,DB38.242,,HiKapa,,,3.0,,GGACTACHVGGGTWTCTAAT,human,,stool,,,,,,CR014,FSH07FTYA09,,,,CR014_M14,
DB38.117,15300.0,0.0,,,,P-117,GTATTTCGGACG,CORE,Israel,,DB38,,DB38.117,,HiKapa,,,3.0,,GGACTACHVGGGTWTCTAAT,human,,stool,,,,,,CR031,FSH07FTZE04,,,,CR031_M18,
DB38.192,28345.0,0.0,,,,P-192,GTCGAATTTGCG,CORE,Israel,,DB38,24_03_2026,DB38.192,,HiKapa,,,3.0,,GGACTACHVGGGTWTCTAAT,human,,stool,,,,,,CR001,FSH07FTYG02,,,,CR001_M32,
DB38.009,9131.0,0.0,,,,P-009,TACAGCGCATAC,CORE,Israel,,DB38,22_09_2023,DB38.009,,HiKapa,,,3.0,,GGACTACHVGGGTWTCTAAT,human,,stool,,,,,,CR042,FSH07FU0A02,,,,CR042_M4,
DB38.014,14978.0,65.0,,,,P-014,ACCAGTGACTCA,CORE,Israel,,DB38,,DB38.014,,HiKapa,,,3.0,,GGACTACHVGGGTWTCTAAT,human,,stool,,,,,,CR003,FSH07FU0F02,,,,CR003_M4,
DB38.343,5.0,0.0,,,,P-343,CCACATTGGGTC,seker,,,DB38,01_12_2025,DB38.343,,HiKapa,,,,,GGACTACHVGGGTWTCTAAT,human,,stool,,,,,,SK1458,FSH07FTXE10,,,,SK1458F1225,
DB38.149,24021.0,0.0,,,,P-149,ACGACTGCATAA,CORE,Israel,,DB38,,DB38.149,,HiKapa,,,3.0,,GGACTACHVGGGTWTCTAAT,human,,stool,,,,,,CR070,FSH07FTZD08,,,,CR070_M15,
DB38.347,5556.0,0.0,,,,P-347,CTAGCTATGGAC,seker,,,DB38,01_11_2025,DB38.347,,HiKapa,,,,,GGACTACHVGGGTWTCTAAT,human,,stool,,,,,,SK1434,FSH07FTXA11,,,,SK1434F1125,
DB38.313,17205.0,0.0,,,,P-313,GGCATGTTATCG,seker,,,DB38,01_03_2026,DB38.313,,HiKapa,,,,,GGACTACHVGGGTWTCTAAT,human,,stool,,,,,,SK1567,FSH07FTXG06,,,,SK1567F0326,
DB38.271,50251.0,6.0,,,,P-271,CATCATACGGGT,BGI,,,DB38,,DB38.271,,HiKapa,,,,,GGACTACHVGGGTWTCTAAT,isolates,,stool,,,,,,,FSH07FTXE01,,,,AL-M9,
DB38.011,14033.0,0.0,,,,P-011,AATTGTGTCGGA,CORE,Israel,,DB38,,DB38.011,,HiKapa,,,3.0,,GGACTACHVGGGTWTCTAAT,human,,stool,,,,,,CR022,FSH07FU0C02,,,,CR022_M5,
DB38.115,12545.0,0.0,,,,P-115,TACCGAAGGTAT,CORE,Israel,,DB38,,DB38.115,,HiKapa,,,3.0,,GGACTACHVGGGTWTCTAAT,human,,stool,,,,,,CR024,FSH07FTZC04,,,,CR024_M21,
DB38.280,4843.0,9.0,,,,P-280,AACCGCATAAGT,BGI,,,DB38,,DB38.280,,HiKapa,,,,,GGACTACHVGGGTWTCTAAT,isolates,,stool,,,,,,,FSH07FTXF02,,,,AL-strep mit,
DB38.413,18.0,0.0,,,,P-413,GATATACCAGTG,avia,,,DB38,,DB38.413,,HiKapa,,,10.0,,GGACTACHVGGGTWTCTAAT,consortium,,stool,,,,,,,manual_rotem_8,,,,healthy2,
DB38.412,20756.0,8.0,,,,P-412,TTGGATTGAACG,avia,,,DB38,,DB38.412,,HiKapa,,,10.0,,GGACTACHVGGGTWTCTAAT,consortium,,stool,,,,,,,manual_rotem_8,,,,UC3,
DB38.161,10246.0,0.0,,,,P-161,ACACGCGGTTTA,CORE,Israel,,DB38,28_04_2025,DB38.161,,HiKapa,,,3.0,,GGACTACHVGGGTWTCTAAT,human,,stool,,,,,,CR072,FSH07FTZH09,,,,CR072_M21,
DB38.040,17719.0,29.0,,,,P-040,GAACACTTTGGA,CORE,Israel,,DB38,09_04_2024,DB38.040,,HiKapa,,,3.0,,GGACTACHVGGGTWTCTAAT,human,,stool,,,,,,CR064,FSH07FU0H05,,,,CR064_M9,
DB38.405,26.0,0.0,,,,P-405,AACACTCGATCG,BGI,,,DB38,,DB38.405,,HiKapa,,,10.0,,GGACTACHVGGGTWTCTAAT,,,stool,,,,,,,manual_rotem_8,,,,HM-41,
DB38.216,5730.0,0.0,,,,P-216,CGTAGGTAGAGG,CORE,Israel,,DB38,27_07_2023,DB38.216,,HiKapa,,,3.0,,GGACTACHVGGGTWTCTAAT,human,,stool,,,,,,CR002,FSH07FTYG05,,,,CR002_M2,
DB38.142,4524.0,0.0,,,,P-142,GCATAGCATCAA,CORE,Israel,,DB38,,DB38.142,,HiKapa,,,3.0,,GGACTACHVGGGTWTCTAAT,human,,stool,,,,,,CR060,FSH07FTZE07,,,,CR060_M21,
DB38.086,34105.0,0.0,,,,P-086,GTTGTTCTGGGA,CORE,Israel,,DB38,08_01_2024,DB38.086,,HiKapa,,,3.0,,GGACTACHVGGGTWTCTAAT,human,,stool,,,,,,CR063,manual4_rotem_4,,,,CR063_M6,
DB38.181,16647.0,0.0,,,,P-181,GCTTGAGCTTGA,CORE,Israel,,DB38,06_07_2025,DB38.181,,HiKapa,,,3.0,,GGACTACHVGGGTWTCTAAT,human,,stool,,,,,,CR047,FSH07FTYD01,,,,CR047_M24,
DB38.215,949.0,0.0,,,,P-215,TTCTCCATCACA,CORE,Israel,,DB38,19_09_2023,DB38.215,,HiKapa,,,3.0,,GGACTACHVGGGTWTCTAAT,human,,stool,,,,,,CR074,FSH07FTYF05,,,,CR074_M2,
DB38.185,22824.0,0.0,,,,P-185,GGTTCGGTCCAT,CORE,Israel,,DB38,20_07_2025,DB38.185,,HiKapa,,,3.0,,GGACTACHVGGGTWTCTAAT,human,,stool,,,,,,CR063,FSH07FTYH01,,,,CR063_M24,
DB38.421,31744.0,495.0,,,,P-421,GTCATAAGAACC,seker,,,DB38,,DB38.421,,HiKapa,,,3.0,,GGACTACHVGGGTWTCTAAT,human,,stool,,,,,,SK1506,manual4_rotem_4,,,,SK1506,
DB38.388,38850.0,0.0,,,,P-388,GGCAAATACACT,CORE,,,DB38,19_08_2024,DB38.388,,HiKapa,,,,,GGACTACHVGGGTWTCTAAT,human,,stool,,,,,,CR042,manual_gilat_27,,,,CR042_M24,
DB38.101,8147.0,0.0,,,,P-101,ACTCCTTGTGTT,CORE,Israel,,DB38,,DB38.101,,HiKapa,,,3.0,,GGACTACHVGGGTWTCTAAT,human,,stool,,,,,,CR010,FSH07FTZE02,,,,CR010_M21,
DB38.219,2090.0,0.0,,,,P-219,TGGTTGGTTACG,CORE,Israel,,DB38,20_05_2023,DB38.219,,HiKapa,,,3.0,,GGACTACHVGGGTWTCTAAT,human,,stool,,,,,,CR024,FSH07FTYB06,,,,CR024_M2,
DB38.052,365.0,0.0,,,,P-052,ACTCACAGGAAT,CORE,Israel,,DB38,21_12_2023,DB38.052,,HiKapa,,,10.0,,GGACTACHVGGGTWTCTAAT,human,,stool,,,,,,CR033,FSH07FU0D07,,,,CR033_M9,
DB38.143,8246.0,0.0,,,,P-143,GTGTTAGATGTG,CORE,Israel,,DB38,,DB38.143,,HiKapa,,,3.0,,GGACTACHVGGGTWTCTAAT,human,,stool,,,,,,CR063,FSH07FTZF07,,,,CR063_M21,
DB38.258,17296.0,4.0,,,,P-258,GAGAGTCCACTT,CORE,Israel,,DB38,25_03_2024,DB38.258,,HiKapa,,,3.0,,GGACTACHVGGGTWTCTAAT,human,,stool,,,,,,CR027,FSH07FTYA11,,,,CR027_M12,
DB38.304,13228.0,0.0,,,,P-304,TCGTGGATAGCT,seker,,,DB38,01_03_2026,DB38.304,,HiKapa,,,,,GGACTACHVGGGTWTCTAAT,human,,stool,,,,,,SK1555,FSH07FTXF05,,,,SK1555F0326,
DB38.241,9098.0,0.0,,,,P-241,GCCGTAAACTTG,CORE,Israel,,DB38,04_07_2024,DB38.241,,HiKapa,,,3.0,,GGACTACHVGGGTWTCTAAT,human,,stool,,,,,,CR002,FSH07FTYH08,,,,CR002_M13,
DB38.174,5341.0,0.0,,,,P-174,AGTTGTAGTCCG,CORE,Israel,,DB38,13_05_2025,DB38.174,,HiKapa,,,3.0,,GGACTACHVGGGTWTCTAAT,human,,stool,,,,,,CR035,FSH07FTZE11,,,,CR035_M24,
DB38.382,4755.0,43.0,,,,P-382,CCGTGACAACTC,CORE,,,DB38,15_02_2024,DB38.382,,HiKapa,,,,,GGACTACHVGGGTWTCTAAT,human,,stool,,,,,,CR064,manual_gilat_27,,,,CR064_M6,
DB38.144,6968.0,0.0,,,,P-144,TTAGAGCCATGC,CORE,Israel,,DB38,,DB38.144,,HiKapa,,,3.0,,GGACTACHVGGGTWTCTAAT,human,,stool,,,,,,CR063,FSH07FTZG07,,,,CR063_M21,
DB38.378,19869.0,0.0,,,,P-378,ATGCTGCAACAC,CORE,,,DB38,,DB38.378,,HiKapa,,,,,GGACTACHVGGGTWTCTAAT,human,,stool,,,,,,CR071,manual_gilat_27,,,,CR071_M9,
DB38.366,3637.0,0.0,,,,P-366,CGCCACGTGTAT,avia,,,DB38,,DB38.366,,HiKapa,,,,,GGACTACHVGGGTWTCTAAT,pooling,,stool,,,,,,,manual_gilat,,,,CD4,
DB38.220,9012.0,1610.0,,,,P-220,GTCGTCCAAATG,CORE,Israel,,DB38,22_05_2023,DB38.220,,HiKapa,,,3.0,,GGACTACHVGGGTWTCTAAT,human,,stool,,,,,,CR027,FSH07FTYC06,,,,CR027_M2,
DB38.213,4495.0,0.0,,,,P-213,AAGACAGCTATC,CORE,Israel,,DB38,08_08_2023,DB38.213,,HiKapa,,,3.0,,GGACTACHVGGGTWTCTAAT,human,,stool,,,,,,CR053,FSH07FTYD05,,,,CR053_M2,
DB38.056,18975.0,0.0,,,,P-056,CATCCCTCTACT,CORE,Israel,,DB38,03_04_2024,DB38.056,,HiKapa,,,3.0,,GGACTACHVGGGTWTCTAAT,human,,stool,,,,,,CR047,FSH07FU0H07,,,,CR047_M9,
DB38.358,17459.0,0.0,,,,P-358,TTGGTAAAGTGC,seker,,,DB38,01_01_2026,DB38.358,,HiKapa,,,,,GGACTACHVGGGTWTCTAAT,human,,stool,,,,,,SK1526,FSH07FTXD12,,,,SK1526F0126,
DB38.090,1928.0,0.0,,,,P-090,ATGTCACCGCTG,CORE,Israel,,DB38,,DB38.090,,HiKapa,,,5.0,,GGACTACHVGGGTWTCTAAT,human,,stool,,,,,,CR001,FSH07FTZB01,,,,CR001_M24,
DB38.024,16577.0,0.0,,,,P-024,GCGATATATCGC,CORE,Israel,,DB38,08_04_2024,DB38.024,,HiKapa,,,3.0,,GGACTACHVGGGTWTCTAAT,human,,stool,,,,,,CR013,FSH07FU0H03,,,,CR013_M12,
DB38.425,95284.0,0.0,,,,P-425,CCTCGATGCAGT,avia,,,DB38,,DB38.425,,TAKARA,,,5.0,,GGACTACHVGGGTWTCTAAT,consortium,,stool,,,,,,,manual_gilat_takara,,,,health_4,
DB38.012,9932.0,0.0,,,,P-012,TGCATACACTGG,CORE,Israel,,DB38,,DB38.012,,HiKapa,,,3.0,,GGACTACHVGGGTWTCTAAT,human,,stool,,,,,,CR022,FSH07FU0D02,,,,CR022_M4,
DB38.178,6344.0,12.0,,,,P-178,CGGGTGTTTGCT,CORE,Israel,,DB38,24_06_2025,DB38.178,,HiKapa,,,3.0,,GGACTACHVGGGTWTCTAAT,human,,stool,,,,,,CR054,FSH07FTYA01,,,,CR054_M24,
DB38.357,40765.0,11.0,,,,P-357,GGCTGCATACTC,seker,,,DB38,01_01_2026,DB38.357,,HiKapa,,,10.0,,GGACTACHVGGGTWTCTAAT,human,,stool,,,,,,SK1524,manual4_rotem_4,,,,SK1524F0126,
DB38.398,2.0,0.0,,,,P-398,CACGTGACATGT,BGI,,,DB38,,DB38.398,,HiKapa,,,10.0,,GGACTACHVGGGTWTCTAAT,,,stool,,,,,,,manual_rotem_8,,,,BB12,
DB38.140,25463.0,2.0,,,,P-140,GGTTATTTGGCG,CORE,Israel,,DB38,,DB38.140,,HiKapa,,,3.0,,GGACTACHVGGGTWTCTAAT,human,,stool,,,,,,CR054,FSH07FTZC07,,,,CR054_M21,
DB38.187,14316.0,0.0,,,,P-187,TATGTGCCGGCT,CORE,Israel,,DB38,04_08_2025,DB38.187,,HiKapa,,,10.0,,GGACTACHVGGGTWTCTAAT,human,,stool,,,,,,CR072,FSH07FTYB02,,,,CR072_M24,
DB38.409,17.0,0.0,,,,P-409,CTTCCCTAACTC,CORE,,,DB38,,DB38.409,,HiKapa,,,10.0,,GGACTACHVGGGTWTCTAAT,human,,stool,,,,,,CR031,manual_rotem_8,,,,CR031_M21,
DB38.434,4283.0,0.0,,,,P-434,TTGCACCGTCGA,avia,,,DB38,,DB38.434,,HiKapa,,,3.0,,GGACTACHVGGGTWTCTAAT,human,,stool,,,,,,,manual_gilat_HiKapa,,,,A435,
DB38.073,517.0,0.0,,,,P-073,ATGGGTTCCGTC,CORE,Israel,,DB38,01_01_2024,DB38.073,,HiKapa,,,3.0,,GGACTACHVGGGTWTCTAAT,human,,stool,,,,,,CR061,FSH07FU0A10,,,,CR061_M6,
DB38.397,24.0,0.0,,,,P-397,ATTGCAAGCAAC,BGI,,,DB38,,DB38.397,,HiKapa,,,10.0,,GGACTACHVGGGTWTCTAAT,,,stool,,,,,,,manual_rotem_8,,,,CECT 870 T,
DB38.286,4603.0,0.0,,,,P-286,CTACACAGCACA,seker,,,DB38,01_01_2026,DB38.286,,HiKapa,,,,,GGACTACHVGGGTWTCTAAT,human,,stool,,,,,,SK1511,FSH07FTXD03,,,,SK1511F0126,
DB38.100,2641.0,0.0,,,,P-100,GATGTATGTGGT,CORE,Israel,,DB38,,DB38.100,,HiKapa,,,3.0,,GGACTACHVGGGTWTCTAAT,human,,stool,,,,,,CR008,FSH07FTZD02,,,,CR008_M21,
DB38.048,20728.0,0.0,,,,P-048,TACTACGTGGCC,CORE,Israel,,DB38,25_02_2024,DB38.048,,HiKapa,,,3.0,,GGACTACHVGGGTWTCTAAT,human,,stool,,,,,,CR021,FSH07FU0H06,,,,CR021_M9,
DB38.238,19250.0,0.0,,,,P-238,AGACAGTAGGAG,CORE,Israel,,DB38,06_07_2023,DB38.238,,HiKapa,,,3.0,,GGACTACHVGGGTWTCTAAT,human,,stool,,,,,,CR035,FSH07FTYE08,,,,CR035_M1,
DB38.095,26142.0,0.0,,,,P-095,GATCCCACGTAC,CORE,Israel,,DB38,,DB38.095,,HiKapa,,,3.0,,GGACTACHVGGGTWTCTAAT,human,,stool,,,,,,CR004,FSH07FTZG01,,,,CR004_M21,
DB38.054,4053.0,0.0,,,,P-054,GTCGACAGAGGA,CORE,Israel,,DB38,04_03_2024,DB38.054,,HiKapa,,,3.0,,GGACTACHVGGGTWTCTAAT,human,,stool,,,,,,CR038,FSH07FU0F07,,,,CR038_M9,
DB38.337,3823.0,0.0,,,,P-337,TGTGTAGCCATG,seker,,,DB38,01_11_2025,DB38.337,,HiKapa,,,,,GGACTACHVGGGTWTCTAAT,human,,stool,,,,,,SK1419,FSH07FTXG09,,,,SK1419F1125,
DB38.257,10931.0,0.0,,,,P-257,CCAGATATAGCA,CORE,Israel,,DB38,17_05_2024,DB38.257,,HiKapa,,,3.0,,GGACTACHVGGGTWTCTAAT,human,,stool,,,,,,CR063,FSH07FTYH10,,,,CR063_M11,
DB38.092,17675.0,0.0,,,,P-092,AGCAGAACATCT,CORE,Israel,,DB38,,DB38.092,,HiKapa,,,3.0,,GGACTACHVGGGTWTCTAAT,human,,stool,,,,,,CR002,FSH07FTZD01,,,,CR002_M21,
DB38.034,4675.0,0.0,,,,P-034,TTGCGTTAGCAG,CORE,Israel,,DB38,06_10_2024,DB38.034,,HiKapa,,,3.0,,GGACTACHVGGGTWTCTAAT,human,,stool,,,,,,CR016,FSH07FU0B05,,,,CR016_M18,
DB38.191,14503.0,0.0,,,,P-191,CGATCTTCGAGC,CORE,Israel,,DB38,15_01_2026,DB38.191,,HiKapa,,,3.0,,GGACTACHVGGGTWTCTAAT,human,,stool,,,,,,CR039,FSH07FTYF02,,,,CR039_M30,
DB38.004,26777.0,0.0,,,,P-004,TGGTCAACGATA,CORE,Israel,,DB38,28_10_2023,DB38.004,,HiKapa,,,3.0,,GGACTACHVGGGTWTCTAAT,human,,stool,,,,,,CR002,FSH07FU0D01,,,,CR002_M5,
DB38.295,21810.0,0.0,,,,P-295,TCCATCGACGTG,seker,,,DB38,01_02_2026,DB38.295,,HiKapa,,,,,GGACTACHVGGGTWTCTAAT,human,,stool,,,,,,SK1540,FSH07FTXE04,,,,SK1540F0226,
DB38.377,22999.0,0.0,,,,P-377,TCTACGGCACGT,CORE,,,DB38,19_02_2024,DB38.377,,HiKapa,,,,,GGACTACHVGGGTWTCTAAT,human,,stool,,,,,,CR039,manual_gilat_27,,,,CR039_M9,
DB38.360,38.0,0.0,,,,P-360,AACCGATGTACC,CORE,,,DB38,01_04_2025,DB38.360,,HiKapa,,,10.0,,GGACTACHVGGGTWTCTAAT,human,,stool,,,,,,CR068,manual4_rotem_4,,,,CR068_M9,
DB38.038,7177.0,0.0,,,,P-038,ACCATAGCTCCG,CORE,Israel,,DB38,02_04_2024,DB38.038,,HiKapa,,,3.0,,GGACTACHVGGGTWTCTAAT,human,,stool,,,,,,CR045,FSH07FU0F05,,,,CR045_M9,
DB38.270,19361.0,0.0,,,,P-270,GATCTCTGGGTA,BGI,,,DB38,,DB38.270,,HiKapa,,,,,GGACTACHVGGGTWTCTAAT,isolates,,stool,,,,,,,FSH07FTXD01,,,,AL-ML,
DB38.123,7410.0,0.0,,,,P-123,ATGTGTGTAGAC,CORE,Israel,,DB38,,DB38.123,,HiKapa,,,3.0,,GGACTACHVGGGTWTCTAAT,human,,stool,,,,,,CR035,FSH07FTZB05,,,,CR035_M18,
DB38.078,31502.0,2354.0,,,,P-078,GTACGATATGAC,CORE,Israel,,DB38,15_02_2024,DB38.078,,HiKapa,,,10.0,,GGACTACHVGGGTWTCTAAT,human,,stool,,,,,,CR064,FSH07FU0F10,,,,CR064_M6,
DB38.127,7851.0,0.0,,,,P-127,GTTAAGCTGACC,CORE,Israel,,DB38,,DB38.127,,HiKapa,,,3.0,,GGACTACHVGGGTWTCTAAT,human,,stool,,,,,,CR039,FSH07FTZF05,,,,CR039_M21,
DB38.300,28863.0,6.0,,,,P-300,TCCAACTGCAGA,seker,,,DB38,01_03_2026,DB38.300,,HiKapa,,,,,GGACTACHVGGGTWTCTAAT,human,,stool,,,,,,SK1550,FSH07FTXB05,,,,SK1550F0326,
DB38.162,11892.0,0.0,,,,P-162,TGGCAAATCTAG,CORE,Israel,,DB38,29_04_2025,DB38.162,,HiKapa,,,3.0,,GGACTACHVGGGTWTCTAAT,human,,stool,,,,,,CR008,FSH07FTZA10,,,,CR008_M24,
DB38.389,6790.0,0.0,,,,P-389,GTCATGCTCCAG,CORE,,,DB38,06_05_2025,DB38.389,,HiKapa,,,,,GGACTACHVGGGTWTCTAAT,human,,stool,,,,,,CR024,manual_gilat_27,,,,CR024_M24,
DB38.198,1990.0,0.0,,,,P-198,CGAGCTGTTACC,CORE,Israel,,DB38,,DB38.198,,HiKapa,,,3.0,,GGACTACHVGGGTWTCTAAT,human,,stool,,,,,,CR048,FSH07FTYE03,,,,CR048_M17,
DB38.139,12084.0,0.0,,,,P-139,CGTGATCCGCTA,CORE,Israel,,DB38,,DB38.139,,HiKapa,,,3.0,,GGACTACHVGGGTWTCTAAT,human,,stool,,,,,,CR054,FSH07FTZB07,,,,CR054_M18,
DB38.076,9.0,0.0,,,,P-076,ATTCTGCCGAAG,CORE,Israel,,DB38,01_01_2024,DB38.076,,HiKapa,,,3.0,,GGACTACHVGGGTWTCTAAT,human,,stool,,,,,,CR067,FSH07FU0D10,,,,CR067_M6,
DB38.429,27188.0,0.0,,,,P-429,AGCGCTCACATC,avia,,,DB38,,DB38.429,,TAKARA,,,5.0,,GGACTACHVGGGTWTCTAAT,consortium,,stool,,,,,,,manual_gilat_takara,,,,CD4,
DB38.025,12801.0,0.0,,,,P-025,CGAGCAATCCTA,CORE,Israel,,DB38,23_09_2024,DB38.025,,HiKapa,,,3.0,,GGACTACHVGGGTWTCTAAT,human,,stool,,,,,,CR033,FSH07FU0A04,,,,CR033_M18,
DB38.010,12630.0,0.0,,,,P-010,ACCGGTATGTAC,CORE,Israel,,DB38,08_09_2023,DB38.010,,HiKapa,,,3.0,,GGACTACHVGGGTWTCTAAT,human,,stool,,,,,,CR037,FSH07FU0B02,,,,CR037_M4,
DB38.344,21263.0,0.0,,,,P-344,TCAGTCAGATGA,seker,,,DB38,01_12_2025,DB38.344,,HiKapa,,,,,GGACTACHVGGGTWTCTAAT,human,,stool,,,,,,SK1462,FSH07FTXF10,,,,SK1462F1225,
DB38.045,12797.0,0.0,,,,P-045,TCGGAATTAGAC,CORE,Israel,,DB38,21_01_2024,DB38.045,,HiKapa,,,3.0,,GGACTACHVGGGTWTCTAAT,human,,stool,,,,,,CR014,FSH07FU0E06,,,,CR014_M9,
DB38.110,11592.0,0.0,,,,P-110,TCATGCTCCATT,CORE,Israel,,DB38,,DB38.110,,HiKapa,,,3.0,,GGACTACHVGGGTWTCTAAT,human,,stool,,,,,,CR017,FSH07FTZF03,,,,CR017_M24,
DB38.291,34291.0,0.0,,,,P-291,GATCCTCATGCG,seker,,,DB38,01_02_2026,DB38.291,,HiKapa,,,,,GGACTACHVGGGTWTCTAAT,human,,stool,,,,,,SK1531,FSH07FTXA04,,,,SK1531F0226,
DB38.109,5034.0,0.0,,,,P-109,GCGACAATTACA,CORE,Israel,,DB38,,DB38.109,,HiKapa,,,3.0,,GGACTACHVGGGTWTCTAAT,human,,stool,,,,,,CR017,FSH07FTZE03,,,,CR017_M21,
DB38.199,1574.0,0.0,,,,P-199,CAACACATGCTG,CORE,Israel,,DB38,07_11_2024,DB38.199,,HiKapa,,,3.0,,GGACTACHVGGGTWTCTAAT,human,,stool,,,,,,CR051,FSH07FTYF03,,,,CR051_M16,
DB38.299,49383.0,0.0,,,,P-299,CGCCATTGTGCA,seker,,,DB38,01_03_2026,DB38.299,,HiKapa,,,,,GGACTACHVGGGTWTCTAAT,human,,stool,,,,,,SK1545,FSH07FTXA05,,,,SK1545F0326,
DB38.188,10184.0,0.0,,,,P-188,TGGTCGCATCGT,CORE,Israel,,DB38,19_08_2025,DB38.188,,HiKapa,,,10.0,,GGACTACHVGGGTWTCTAAT,human,,stool,,,,,,CR071,FSH07FTYC02,,,,CR071_M24,
DB38.129,5618.0,0.0,,,,P-129,GACATTGTCACG,CORE,Israel,,DB38,,DB38.129,,HiKapa,,,3.0,,GGACTACHVGGGTWTCTAAT,human,,stool,,,,,,CR042,FSH07FTZH05,,,,CR042_M21,
DB38.205,2075.0,0.0,,,,P-205,GACTTCATGCGA,CORE,Israel,,DB38,28_03_2024,DB38.205,,HiKapa,,,3.0,,GGACTACHVGGGTWTCTAAT,human,,stool,,,,,,CR001,FSH07FTYD04,,,,CR001_M5,
DB38.350,6.0,0.0,,,,P-350,CTCTGCCTAATT,seker,,,DB38,01_11_2025,DB38.350,,HiKapa,,,,,GGACTACHVGGGTWTCTAAT,human,,stool,,,,,,SK1448,FSH07FTXD11,,,,SK1448F1125,
DB38.341,8102.0,0.0,,,,P-341,TAATGCCCAGGT,seker,,,DB38,01_11_2025,DB38.341,,HiKapa,,,,,GGACTACHVGGGTWTCTAAT,human,,stool,,,,,,SK1430,FSH07FTXC10,,,,SK1430F1125,
DB38.033,23556.0,611.0,,,,P-033,CAACTCCCGTGA,CORE,Israel,,DB38,17_09_2024,DB38.033,,HiKapa,,,3.0,,GGACTACHVGGGTWTCTAAT,human,,stool,,,,,,CR017,FSH07FU0A05,,,,CR017_M18,
DB38.330,17306.0,0.0,,,,P-330,CGAAACTACGTA,seker,,,DB38,01_04_2026,DB38.330,,HiKapa,,,,,GGACTACHVGGGTWTCTAAT,human,,stool,,,,,,SK1596,FSH07FTXH08,,,,SK1596F0426,
DB38.399,5.0,0.0,,,,P-399,CACAGTTGAAGT,BGI,,,DB38,,DB38.399,,HiKapa,,,10.0,,GGACTACHVGGGTWTCTAAT,,,stool,,,,,,,manual_rotem_8,,,,M3,
DB38.200,2520.0,0.0,,,,P-200,ATTCTCTCACGT,CORE,Israel,,DB38,07_12_2024,DB38.200,,HiKapa,,,3.0,,GGACTACHVGGGTWTCTAAT,human,,stool,,,,,,CR051,FSH07FTYG03,,,,CR051_M17,
DB38.264,10603.0,0.0,,,,P-264,TTCCTAGGCCAG,CORE,Israel,,DB38,07_10_2024,DB38.264,,HiKapa,,,3.0,,GGACTACHVGGGTWTCTAAT,human,,stool,,,,,,CR014,FSH07FTYG11,,,,CR014_M18,
DB38.072,9535.0,0.0,,,,P-072,GGTGACTAGTTC,CORE,Israel,,DB38,13_02_2024,DB38.072,,HiKapa,,,3.0,,GGACTACHVGGGTWTCTAAT,human,,stool,,,,,,CR073,FSH07FU0H09,,,,CR073_M6,
DB38.380,8.0,0.0,,,,P-380,CATAGTGATTGG,CORE,,,DB38,05_03_2024,DB38.380,,HiKapa,,,,,GGACTACHVGGGTWTCTAAT,human,,stool,,,,,,CR031,manual_gilat_27,,,,CR031_M9,
DB38.212,7178.0,0.0,,,,P-212,GTTCGGTGTCCA,CORE,Israel,,DB38,11_03_2024,DB38.212,,HiKapa,,,5.0,,GGACTACHVGGGTWTCTAAT,human,,stool,,,,,,CR048,FSH07FTYC05,,,,CR048_M11,
DB38.253,849.0,0.0,,,,P-253,ACTCTAGCCGGT,CORE,Israel,,DB38,27_04_2024,DB38.253,,HiKapa,,,3.0,,GGACTACHVGGGTWTCTAAT,human,,stool,,,,,,CR051,FSH07FTYD10,,,,CR051_M11,
DB38.128,6306.0,0.0,,,,P-128,ATGCCATGCCGT,CORE,Israel,,DB38,,DB38.128,,HiKapa,,,3.0,,GGACTACHVGGGTWTCTAAT,human,,stool,,,,,,CR042,FSH07FTZG05,,,,CR042_M18,
DB38.027,8531.0,2.0,,,,P-027,GTATCTGCGCGT,CORE,Israel,,DB38,07_05_2024,DB38.027,,HiKapa,,,3.0,,GGACTACHVGGGTWTCTAAT,human,,stool,,,,,,CR024,FSH07FU0C04,,,,CR024_M12,
DB38.029,10759.0,0.0,,,,P-029,CAAATTCGGGAT,CORE,Israel,,DB38,26_03_2024,DB38.029,,HiKapa,,,3.0,,GGACTACHVGGGTWTCTAAT,human,,stool,,,,,,CR007,FSH07FU0E04,,,,CR007_M12,
DB38.307,37232.0,0.0,,,,P-307,TAAGGCATCGCT,seker,,,DB38,01_03_2026,DB38.307,,HiKapa,,,,,GGACTACHVGGGTWTCTAAT,human,,stool,,,,,,SK1558,FSH07FTXA06,,,,SK1558F0326,
DB38.189,9488.0,0.0,,,,P-189,TGTAAGACTTGG,CORE,Israel,,DB38,25_08_2025,DB38.189,,HiKapa,,,3.0,,GGACTACHVGGGTWTCTAAT,human,,stool,,,,,,CR064,FSH07FTYD02,,,,CR064_M24,
DB38.059,202.0,0.0,,,,P-059,ACAATAGACACC,CORE,Israel,,DB38,15_04_2024,DB38.059,,HiKapa,,,10.0,,GGACTACHVGGGTWTCTAAT,human,,stool,,,,,,CR067,FSH07FU0C08,,,,CR067_M9,
DB38.221,22.0,0.0,,,,P-221,CAACGTGCTCCA,CORE,Israel,,DB38,16_06_2023,DB38.221,,HiKapa,,,10.0,,GGACTACHVGGGTWTCTAAT,human,,stool,,,,,,CR034,FSH07FTYD06,,,,CR034_M2,
DB38.088,17778.0,3.0,,,,P-088,CTCACAACCGTG,CORE,Israel,,DB38,04_03_2024,DB38.088,,HiKapa,,,3.0,,GGACTACHVGGGTWTCTAAT,human,,stool,,,,,,CR074,FSH07FU0H11,,,,CR074_M6,
DB38.180,19858.0,0.0,,,,P-180,GTGCAACCAATC,CORE,Israel,,DB38,,DB38.180,,HiKapa,,,3.0,,GGACTACHVGGGTWTCTAAT,human,,stool,,,,,,CR038,FSH07FTYC01,,,,CR038_M16,
DB38.261,27238.0,0.0,,,,P-261,GGTCTCCTACAG,CORE,Israel,,DB38,24_06_2024,DB38.261,,HiKapa,,,3.0,,GGACTACHVGGGTWTCTAAT,human,,stool,,,,,,CR053,FSH07FTYD11,,,,CR053_M12,
DB38.163,6318.0,0.0,,,,P-163,CACCTTACCTTA,CORE,Israel,,DB38,24_04_2025,DB38.163,,HiKapa,,,3.0,,GGACTACHVGGGTWTCTAAT,human,,stool,,,,,,CR039,FSH07FTZB10,,,,CR039_M24,
DB38.023,14334.0,0.0,,,,P-023,GCAACACCATCC,CORE,Israel,,DB38,no date on tube,DB38.023,,HiKapa,,,3.0,,GGACTACHVGGGTWTCTAAT,human,,stool,,,,,,CR002,FSH07FU0G03,,,,CR002_M4,
DB38.046,22504.0,0.0,,,,P-046,TGTGAATTCGGA,CORE,Israel,,DB38,06_02_2024,DB38.046,,HiKapa,,,3.0,,GGACTACHVGGGTWTCTAAT,human,,stool,,,,,,CR020,FSH07FU0F06,,,,CR020_M9,
DB38.167,10976.0,0.0,,,,P-167,CGCTACAACTCG,CORE,Israel,,DB38,05_05_2025,DB38.167,,HiKapa,,,3.0,,GGACTACHVGGGTWTCTAAT,human,,stool,,,,,,CR073,FSH07FTZF10,,,,CR073_M21,
DB38.290,29940.0,0.0,,,,P-290,AGACATACCGTA,seker,,,DB38,01_01_2026,DB38.290,,HiKapa,,,,,GGACTACHVGGGTWTCTAAT,human,,stool,,,,,,SK1530,FSH07FTXH03,,,,SK1530F0126,
DB38.006,15037.0,0.0,,,,P-006,GTCGTGTAGCCT,CORE,Israel,,DB38,,DB38.006,,HiKapa,,,3.0,,GGACTACHVGGGTWTCTAAT,human,,stool,,,,,,CR066,FSH07FU0F01,,,,CR066_M5,
DB38.148,14189.0,0.0,,,,P-148,CGATGCTGTTGA,CORE,Israel,,DB38,,DB38.148,,HiKapa,,,3.0,,GGACTACHVGGGTWTCTAAT,human,,stool,,,,,,CR069,FSH07FTZC08,,,,CR069_M18,
DB38.352,37450.0,0.0,,,,P-352,CTCTATTCCACC,seker,,,DB38,01_12_2025,DB38.352,,HiKapa,,,,,GGACTACHVGGGTWTCTAAT,human,,stool,,,,,,SK1496,FSH07FTXF11,,,,SK1496F1225,
DB38.218,14046.0,23.0,,,,P-218,GGATAGCCAAGG,CORE,Israel,,DB38,14_03_2023,DB38.218,,HiKapa,,,3.0,,GGACTACHVGGGTWTCTAAT,human,,stool,,,,,,CR017,FSH07FTYA06,,,,CR017_M2,
DB38.367,6269.0,0.0,,,,P-367,GCAACCGATTGT,avia,,,DB38,,DB38.367,,HiKapa,,,,,GGACTACHVGGGTWTCTAAT,pooling,,stool,,,,,,,manual_gilat,,,,CD5,
DB38.247,1390.0,0.0,,,,P-247,AGGTCCAAATCA,CORE,Israel,,DB38,15_06_2024,DB38.247,,HiKapa,,,3.0,,GGACTACHVGGGTWTCTAAT,human,,stool,,,,,,CR063,FSH07FTYF09,,,,CR063_M10,
DB38.133,13320.0,0.0,,,,P-133,ACCCAAGCGTTA,CORE,Israel,,DB38,,DB38.133,,HiKapa,,,3.0,,GGACTACHVGGGTWTCTAAT,human,,stool,,,,,,CR047,FSH07FTZD06,,,,CR047_M21,
DB38.081,10663.0,0.0,,,,P-081,TGCGCTGAATGT,CORE,Israel,,DB38,26_12_2023,DB38.081,,HiKapa,,,10.0,,GGACTACHVGGGTWTCTAAT,human,,stool,,,,,,CR051,FSH07FU0A11,,,,CR051_M6,
DB38.379,22657.0,0.0,,,,P-379,TTCTCATGGAGG,CORE,,,DB38,15_04_2024,DB38.379,,HiKapa,,,,,GGACTACHVGGGTWTCTAAT,human,,stool,,,,,,CR067,manual_gilat_27,,,,CR067_M9,
DB38.177,8276.0,0.0,,,,P-177,TTGATCCGGTAG,CORE,Israel,,DB38,09_06_2025,DB38.177,,HiKapa,,,3.0,,GGACTACHVGGGTWTCTAAT,human,,stool,,,,,,CR053,FSH07FTZH11,,,,CR053_M24,
DB38.099,11192.0,0.0,,,,P-099,GCCTAGCCCAAT,CORE,Israel,,DB38,,DB38.099,,HiKapa,,,3.0,,GGACTACHVGGGTWTCTAAT,human,,stool,,,,,,CR008,FSH07FTZC02,,,,CR008_M18,
DB38.152,12117.0,3.0,,,,P-152,ACGGGTCATCAT,CORE,Israel,,DB38,,DB38.152,,HiKapa,,,3.0,,GGACTACHVGGGTWTCTAAT,human,,stool,,,,,,CR072,FSH07FTZG08,,,,CR072_M18,
DB38.116,16714.0,0.0,,,,P-116,CACTCATCATTC,CORE,Israel,,DB38,,DB38.116,,HiKapa,,,3.0,,GGACTACHVGGGTWTCTAAT,human,,stool,,,,,,CR027,FSH07FTZD04,,,,CR027_M24,
DB38.102,9647.0,0.0,,,,P-102,GTCACGGACATT,CORE,Israel,,DB38,,DB38.102,,HiKapa,,,3.0,,GGACTACHVGGGTWTCTAAT,human,,stool,,,,,,CR031,FSH07FTZF02,,,,CR031_M21,
DB38.223,8687.0,0.0,,,,P-223,GCGTCCATGAAT,CORE,Israel,,DB38,22_07_2023,DB38.223,,HiKapa,,,3.0,,GGACTACHVGGGTWTCTAAT,human,,stool,,,,,,CR042,FSH07FTYF06,,,,CR042_M2,
DB38.275,92357.0,0.0,,,,P-275,AACCAAACTCGA,BGI,,,DB38,,DB38.275,,HiKapa,,,,,GGACTACHVGGGTWTCTAAT,isolates,,stool,,,,,,,FSH07FTXA02,,,,AL-b. corpo,
DB38.395,797.0,0.0,,,,P-395,TGACTAATGGCC,CORE,,,DB38,15_03_2023,DB38.395,,HiKapa,,,,,GGACTACHVGGGTWTCTAAT,human,,stool,,,,,,CR017,manual_gilat_27,,,,CR017_M1,
DB38.305,17200.0,0.0,,,,P-305,GACGCACTAACT,seker,,,DB38,01_03_2026,DB38.305,,HiKapa,,,,,GGACTACHVGGGTWTCTAAT,human,,stool,,,,,,SK1556,FSH07FTXG05,,,,SK1556F0326,
DB38.248,871.0,0.0,,,,P-248,ACCGTGCTCACA,CORE,Israel,,DB38,,DB38.248,,HiKapa,,,3.0,,GGACTACHVGGGTWTCTAAT,human,,stool,,,,,,CR063,FSH07FTYG09,,,,CR063_M13,
DB38.348,37090.0,0.0,,,,P-348,CTTGACGAGGTT,seker,,,DB38,01_11_2025,DB38.348,,HiKapa,,,,,GGACTACHVGGGTWTCTAAT,human,,stool,,,,,,SK1437,FSH07FTXB11,,,,SK1437F1125,
DB38.154,13964.0,0.0,,,,P-154,CGTACTCTCGAG,CORE,Israel,,DB38,,DB38.154,,HiKapa,,,3.0,,GGACTACHVGGGTWTCTAAT,human,,stool,,,,,,CR073,FSH07FTZA09,,,,CR073_M18,
DB38.316,56311.0,0.0,,,,P-316,CTCTTCTGATCA,seker,,,DB38,01_03_2026,DB38.316,,HiKapa,,,3.0,,GGACTACHVGGGTWTCTAAT,human,,stool,,,,,,SK1571,manual4_rotem_4,,,,SK1571F0326,
DB38.236,14250.0,54.0,,,,P-236,CCTGTCCTATCT,CORE,Israel,,DB38,,DB38.236,,HiKapa,,,3.0,,GGACTACHVGGGTWTCTAAT,human,,stool,,,,,,CR003,FSH07FTYC08,,,,CR003_M1,
DB38.245,4010.0,0.0,,,,P-245,TATCACCGGCAC,CORE,Israel,,DB38,,DB38.245,,HiKapa,,,3.0,,GGACTACHVGGGTWTCTAAT,human,,stool,,,,,,CR051,FSH07FTYD09,,,,CR051_M13,
DB38.426,96542.0,56.0,,,,P-426,GCGGACTATTCA,avia,,,DB38,,DB38.426,,TAKARA,,,5.0,,GGACTACHVGGGTWTCTAAT,consortium,,stool,,,,,,,manual_gilat_takara,,,,healthy_2_v2,
DB38.265,6126.0,16.0,,,,P-265,ATTAAGCCTGGA,CORE,Israel,,DB38,17_09_2024,DB38.265,,HiKapa,,,5.0,,GGACTACHVGGGTWTCTAAT,human,,stool,,,,,,CR017,FSH07FTYH11,,,,CR017_M18,
DB38.259,20.0,0.0,,,,P-259,GAACGGGACGTA,CORE,Israel,,DB38,,DB38.259,,HiKapa,,,10.0,,GGACTACHVGGGTWTCTAAT,human,,stool,,,,,,CR061,FSH07FTYB11,,,,CR061_M12,
DB38.083,25969.0,0.0,,,,P-083,GTTCTCTTCTCG,CORE,Israel,,DB38,22_01_2024,DB38.083,,HiKapa,,,3.0,,GGACTACHVGGGTWTCTAAT,human,,stool,,,,,,CR047,FSH07FU0C11,,,,CR047_M6,
DB38.077,426.0,0.0,,,,P-077,AGCATGTCCCGT,CORE,Israel,,DB38,18_03_2024,DB38.077,,HiKapa,,,3.0,,GGACTACHVGGGTWTCTAAT,human,,stool,,,,,,CR046,FSH07FU0E10,,,,CR046_M6,
DB38.103,14098.0,0.0,,,,P-103,GCGAGCGAAGTA,CORE,Israel,,DB38,,DB38.103,,HiKapa,,,3.0,,GGACTACHVGGGTWTCTAAT,human,,stool,,,,,,CR013,FSH07FTZG02,,,,CR013_M21,
DB38.320,32462.0,0.0,,,,P-320,GTACTGAAGATC,seker,,,DB38,01_03_2026,DB38.320,,HiKapa,,,,,GGACTACHVGGGTWTCTAAT,human,,stool,,,,,,SK1576,FSH07FTXF07,,,,SK1576F0326,
DB38.393,15509.0,0.0,,,,P-393,AAGACGTAGCGG,CORE,,,DB38,23_07_2023,DB38.393,,HiKapa,,,,,GGACTACHVGGGTWTCTAAT,human,,stool,,,,,,CR063,manual_gilat_27,,,,CR063_M2,
DB38.085,17011.0,0.0,,,,P-085,GCGTTCTAGCTG,CORE,Israel,,DB38,20_12_2023,DB38.085,,HiKapa,,,3.0,,GGACTACHVGGGTWTCTAAT,human,,stool,,,,,,CR053,FSH07FU0E11,,,,CR053_M6,
DB38.294,28991.0,1233.0,,,,P-294,AGCTCTAGAAAC,seker,,,DB38,01_02_2026,DB38.294,,HiKapa,,,,,GGACTACHVGGGTWTCTAAT,human,,stool,,,,,,SK1537,FSH07FTXD04,,,,SK1537F0226,
DB38.391,25.0,0.0,,,,P-391,TTACCGACGAGT,CORE,,,DB38,25_04_2024,DB38.391,,HiKapa,,,,,GGACTACHVGGGTWTCTAAT,human,,stool,,,,,,CR002,manual_gilat_27,,,,CR002_M10,
DB38.136,5764.0,0.0,,,,P-136,GATGTGGTGTTA,CORE,Israel,,DB38,,DB38.136,,HiKapa,,,3.0,,GGACTACHVGGGTWTCTAAT,human,,stool,,,,,,CR051,FSH07FTZG06,,,,CR051_M18,
DB38.246,6127.0,0.0,,,,P-246,TATGCCAGAGAT,CORE,Israel,,DB38,24_05_2024,DB38.246,,HiKapa,,,3.0,,GGACTACHVGGGTWTCTAAT,human,,stool,,,,,,CR051,FSH07FTYE09,,,,CR051_M10,
DB38.173,44372.0,0.0,,,,P-173,AACGTAGGCTCT,CORE,Israel,,DB38,13_05_2025,DB38.173,,HiKapa,,,3.0,,GGACTACHVGGGTWTCTAAT,human,,stool,,,,,,CR031,FSH07FTZD11,,,,CR031_M24,
DB38.071,28112.0,0.0,,,,P-071,CGTAATTGCCGC,CORE,Israel,,DB38,12_03_2024,DB38.071,,HiKapa,,,3.0,,GGACTACHVGGGTWTCTAAT,human,,stool,,,,,,CR042,FSH07FU0G09,,,,CR042_M9,
DB38.111,12248.0,0.0,,,,P-111,AGCTGTCAAGCT,CORE,Israel,,DB38,,DB38.111,,HiKapa,,,3.0,,GGACTACHVGGGTWTCTAAT,human,,stool,,,,,,CR020,FSH07FTZG03,,,,CR020_M18,
DB38.260,1125.0,0.0,,,,P-260,ACGTGTAGGCTT,CORE,Israel,,DB38,01_10_2024,DB38.260,,HiKapa,,,10.0,,GGACTACHVGGGTWTCTAAT,human,,stool,,,,,,CR027,FSH07FTYC11,,,,CR027_M18,
DB38.317,43381.0,108.0,,,,P-317,ATGCTAACCACG,seker,,,DB38,01_03_2026,DB38.317,,HiKapa,,,3.0,,GGACTACHVGGGTWTCTAAT,human,,stool,,,,,,SK1572,manual4_rotem_4,,,,SK1572F0326,
DB38.332,100.0,0.0,,,,P-332,AATAGCATGTCG,negative_control,,,DB38,,DB38.332,,HiKapa,,,,,GGACTACHVGGGTWTCTAAT,negative_control,,,,,,,,,FSH07FTXB09,,,,buffer_020426,
DB38.296,7308.0,0.0,,,,P-296,CGATGTGTGGTT,seker,,,DB38,01_02_2026,DB38.296,,HiKapa,,,,,GGACTACHVGGGTWTCTAAT,human,,stool,,,,,,SK1541,FSH07FTXF04,,,,SK1541F0226,
DB38.298,29974.0,0.0,,,,P-298,GCATTCGGCGTT,seker,,,DB38,01_03_2026,DB38.298,,HiKapa,,,,,GGACTACHVGGGTWTCTAAT,human,,stool,,,,,,SK1544,FSH07FTXH04,,,,SK1544F0326,
DB38.283,1446.0,0.0,,,,P-283,CGCATTTGGATG,BGI,,,DB38,,DB38.283,,HiKapa,,,,,GGACTACHVGGGTWTCTAAT,isolates,,stool,,,,,,,FSH07FTXA03,,,,AL-strep. saliv,
DB38.235,1063.0,0.0,,,,P-235,AGGTGAGTTCTA,CORE,Israel,,DB38,27_07_2023,DB38.235,,HiKapa,,,3.0,,GGACTACHVGGGTWTCTAAT,human,,stool,,,,,,CR002,FSH07FTYB08,,,,CR002_M1,
DB38.058,12649.0,0.0,,,,P-058,AGTTGAGGCATT,CORE,Israel,,DB38,18_12_2023,DB38.058,,HiKapa,,,3.0,,GGACTACHVGGGTWTCTAAT,human,,stool,,,,,,CR017,FSH07FU0B08,,,,CR017_M9,
DB38.384,12635.0,0.0,,,,P-384,GGAATTATCGGT,CORE,,,DB38,26_12_2023,DB38.384,,HiKapa,,,,,GGACTACHVGGGTWTCTAAT,human,,stool,,,,,,CR050,manual_gilat_27,,,,CR050_M6,
DB38.289,1062.0,0.0,,,,P-289,GATCATTCTCTC,seker,,,DB38,01_01_2026,DB38.289,,HiKapa,,,,,GGACTACHVGGGTWTCTAAT,human,,stool,,,,,,SK1529,FSH07FTXG03,,,,SK1529F0126,
DB38.414,131.0,0.0,,,,P-414,AACAAACTGCCA,avia,,,DB38,,DB38.414,,HiKapa,,,10.0,,GGACTACHVGGGTWTCTAAT,consortium,,stool,,,,,,,manual_rotem_8,,,,healthy_5,
DB38.160,9432.0,0.0,,,,P-160,AGTGTTTCGGAC,CORE,Israel,,DB38,28_04_2025,DB38.160,,HiKapa,,,3.0,,GGACTACHVGGGTWTCTAAT,human,,stool,,,,,,CR021,FSH07FTZG09,,,,CR021_M24,
DB38.267,21894.0,0.0,,,,P-267,ACAGCTCAAACA,BGI,,,DB38,,DB38.267,,HiKapa,,,,,GGACTACHVGGGTWTCTAAT,isolates,,stool,,,,,,,FSH07FTXA01,,,,AL-HM-204,
DB38.201,7260.0,0.0,,,,P-201,CGACTCTAAACG,CORE,Israel,,DB38,,DB38.201,,HiKapa,,,3.0,,GGACTACHVGGGTWTCTAAT,human,,stool,,,,,,CR053,FSH07FTYH03,,,,CR053_M17,
DB38.013,10927.0,7.0,,,,P-013,AGTCGAACGAGG,CORE,Israel,,DB38,,DB38.013,,HiKapa,,,3.0,,GGACTACHVGGGTWTCTAAT,human,,stool,,,,,,CR003,FSH07FU0E02,,,,CR003_M8,
DB38.416,4.0,0.0,,,,P-416,TACAGTTACGCG,avia,,,DB38,,DB38.416,,HiKapa,,,10.0,,GGACTACHVGGGTWTCTAAT,consortium,,stool,,,,,,,manual_rotem_8,,,,healthy4,
DB38.158,10446.0,0.0,,,,P-158,GATCACGAGAGG,CORE,Israel,,DB38,21_04_2025,DB38.158,,HiKapa,,,3.0,,GGACTACHVGGGTWTCTAAT,human,,stool,,,,,,CR069,FSH07FTZE09,,,,CR069_M21,
DB38.030,12431.0,31.0,,,,P-030,AGATTGACCAAC,CORE,Israel,,DB38,01_10_2024,DB38.030,,HiKapa,,,3.0,,GGACTACHVGGGTWTCTAAT,human,,stool,,,,,,CR003,FSH07FU0F04,,,,CR003_M18,
DB38.364,58352.0,2107.0,,,,P-364,CACACAAAGTCA,avia,,,DB38,,DB38.364,,HiKapa,,,,,GGACTACHVGGGTWTCTAAT,pooling,,stool,,,,,,,manual_gilat,,,,healthy3,
DB38.278,21968.0,0.0,,,,P-278,GACTACCCGTTG,BGI,,,DB38,,DB38.278,,HiKapa,,,,,GGACTACHVGGGTWTCTAAT,isolates,,stool,,,,,,,FSH07FTXD02,,,,AL-b.fragil,
DB38.311,16782.0,0.0,,,,P-311,CTACGAAAGCCT,seker,,,DB38,01_03_2026,DB38.311,,HiKapa,,,,,GGACTACHVGGGTWTCTAAT,human,,stool,,,,,,SK1563,FSH07FTXE06,,,,SK1563F0326,
DB38.386,12350.0,0.0,,,,P-386,CATCGCGTTGAC,CORE,,,DB38,09_10_2023,DB38.386,,HiKapa,,,,,GGACTACHVGGGTWTCTAAT,human,,stool,,,,,,CR063,manual_gilat_27,,,,CR063_M3,
DB38.126,3550.0,0.0,,,,P-126,GCTCTCCGTAGA,CORE,Israel,,DB38,,DB38.126,,HiKapa,,,3.0,,GGACTACHVGGGTWTCTAAT,human,,stool,,,,,,CR038,FSH07FTZE05,,,,CR038_M21,
DB38.145,12768.0,0.0,,,,P-145,TGAACCCTATGG,CORE,Israel,,DB38,,DB38.145,,HiKapa,,,3.0,,GGACTACHVGGGTWTCTAAT,human,,stool,,,,,,CR067,FSH07FTZH07,,,,CR067_M18,
DB38.097,12737.0,6.0,,,,P-097,TGTGCGATAACA,CORE,Israel,,DB38,,DB38.097,,HiKapa,,,3.0,,GGACTACHVGGGTWTCTAAT,human,,stool,,,,,,CR007,FSH07FTZA02,,,,CR007_M21,
DB38.132,33059.0,0.0,,,,P-132,TCCTCGAGCGAT,CORE,Israel,,DB38,,DB38.132,,HiKapa,,,3.0,,GGACTACHVGGGTWTCTAAT,human,,stool,,,,,,CR047,FSH07FTZC06,,,,CR047_M18,
DB38.346,4.0,0.0,,,,P-346,GCTGTGATTCGA,seker,,,DB38,01_12_2025,DB38.346,,HiKapa,,,10.0,,GGACTACHVGGGTWTCTAAT,human,,stool,,,,,,SK1407,manual4_rotem_2,,,,SK1407F1225,
DB38.067,24230.0,0.0,,,,P-067,GTGTTGTCGTGC,CORE,Israel,,DB38,08_04_2024,DB38.067,,HiKapa,,,3.0,,GGACTACHVGGGTWTCTAAT,human,,stool,,,,,,CR060,FSH07FU0C09,,,,CR060_M9,
DB38.031,10559.0,4.0,,,,P-031,AGTTACGAGCTA,CORE,Israel,,DB38,26_02_2024,DB38.031,,HiKapa,,,3.0,,GGACTACHVGGGTWTCTAAT,human,,stool,,,,,,CR003,FSH07FU0G04,,,,CR003_M12,
DB38.082,425.0,0.0,,,,P-082,ATGGCTGTCAGT,CORE,Israel,,DB38,26_12_2023,DB38.082,,HiKapa,,,10.0,,GGACTACHVGGGTWTCTAAT,human,,stool,,,,,,CR050,FSH07FU0B11,,,,CR050_M6,
DB38.125,2429.0,0.0,,,,P-125,TTCTCTCGACAT,CORE,Israel,,DB38,,DB38.125,,HiKapa,,,3.0,,GGACTACHVGGGTWTCTAAT,human,,stool,,,,,,CR038,FSH07FTZD05,,,,CR038_M18,
DB38.007,4173.0,0.0,,,,P-007,AGCGGAGGTTAG,CORE,Israel,,DB38,30_10_2023,DB38.007,,HiKapa,,,3.0,,GGACTACHVGGGTWTCTAAT,human,,stool,,,,,,CR053,FSH07FU0G01,,,,CR053_M4,
DB38.203,2706.0,0.0,,,,P-203,CGGATAACCTCC,CORE,Israel,,DB38,,DB38.203,,HiKapa,,,3.0,,GGACTACHVGGGTWTCTAAT,human,,stool,,,,,,CR063,FSH07FTYB04,,,,CR063_M16,
DB38.420,8147.0,2.0,,,,P-420,CTTCGACTTTCC,avia,,,DB38,,DB38.420,,HiKapa,,,10.0,,GGACTACHVGGGTWTCTAAT,consortium,,stool,,,,,,,manual_rotem_8,,,,UC5,
DB38.355,6.0,0.0,,,,P-355,GCTAGTTATGGA,seker,,,DB38,01_07_2025,DB38.355,,HiKapa,,,10.0,,GGACTACHVGGGTWTCTAAT,human,,stool,,,,,,SK1254,manual4_rotem_4,,,,SK1254F0725,
DB38.003,7422.0,0.0,,,,P-003,ATCACCAGGTGT,CORE,Israel,,DB38,,DB38.003,,HiKapa,,,3.0,,GGACTACHVGGGTWTCTAAT,human,,stool,,,,,,CR029,FSH07FU0C01,,,,CR029_M5,
DB38.297,7.0,0.0,,,,P-297,GCGAAGTTGGGA,seker,,,DB38,01_03_2026,DB38.297,,HiKapa,,,10.0,,GGACTACHVGGGTWTCTAAT,human,,stool,,,,,,SK1543,manual4_rotem_2,,,,SK1543F0326,
DB38.197,8104.0,0.0,,,,P-197,ATTCGGTAGTGC,CORE,Israel,,DB38,,DB38.197,,HiKapa,,,3.0,,GGACTACHVGGGTWTCTAAT,human,,stool,,,,,,CR038,FSH07FTYD03,,,,CR038_M17,
DB38.371,21.0,0.0,,,,P-371,GTTCACGCCCAA,avia,,,DB38,,DB38.371,,HiKapa,,,,,GGACTACHVGGGTWTCTAAT,pooling,,stool,,,,,,,manual_gilat,,,,control-neg,
DB38.036,6187.0,0.0,,,,P-036,CACTACGCTAGA,CORE,Israel,,DB38,20_09_2023,DB38.036,,HiKapa,,,3.0,,GGACTACHVGGGTWTCTAAT,human,,stool,,,,,,CR045,FSH07FU0D05,,,,CR045_M3,
DB38.001,17953.0,0.0,,,,P-001,ACGAGACTGATT,CORE,Israel,,DB38,05_10_2023,DB38.001,,HiKapa,,,3.0,,GGACTACHVGGGTWTCTAAT,human,,stool,,,,,,CR037,FSH07FU0A01,,,,CR037_M5,
DB38.032,9442.0,44.0,,,,P-032,GCATATGCACTG,CORE,Israel,,DB38,10_12_2023,DB38.032,,HiKapa,,,3.0,,GGACTACHVGGGTWTCTAAT,human,,stool,,,,,,CR003,FSH07FU0H04,,,,CR003_M7,
DB38.308,19151.0,0.0,,,,P-308,ACCCATACAGCC,seker,,,DB38,01_03_2026,DB38.308,,HiKapa,,,,,GGACTACHVGGGTWTCTAAT,human,,stool,,,,,,SK1559,FSH07FTXB06,,,,SK1559F0326,
DB38.094,3410.0,0.0,,,,P-094,TTGGCTCTATTC,CORE,Israel,,DB38,,DB38.094,,HiKapa,,,3.0,,GGACTACHVGGGTWTCTAAT,human,,stool,,,,,,CR003,FSH07FTZF01,,,,CR003_M24,
DB38.096,7849.0,0.0,,,,P-096,TACCGCTTCTTC,CORE,Israel,,DB38,,DB38.096,,HiKapa,,,3.0,,GGACTACHVGGGTWTCTAAT,human,,stool,,,,,,CR004,FSH07FTZH01,,,,CR004_M24,
DB38.135,15472.0,0.0,,,,P-135,AGCAACATTGCA,CORE,Israel,,DB38,,DB38.135,,HiKapa,,,3.0,,GGACTACHVGGGTWTCTAAT,human,,stool,,,,,,CR048,FSH07FTZF06,,,,CR048_M21,
DB38.277,35084.0,0.0,,,,P-277,CTGGGTATCTCG,BGI,,,DB38,,DB38.277,,HiKapa,,,,,GGACTACHVGGGTWTCTAAT,isolates,,stool,,,,,,,FSH07FTXC02,,,,AL-vel ATCC,
DB38.359,17784.0,0.0,,,,P-359,AAGTGGCTATCC,positive_control,,,DB38,,DB38.359,,HiKapa,,,,,GGACTACHVGGGTWTCTAAT,consortium,,,,,,,,FALSE,FSH07FTXE12,,,,D6305 1:100,
DB38.022,22184.0,0.0,,,,P-022,CAAACAACAGCT,CORE,Israel,,DB38,30_04_2024,DB38.022,,HiKapa,,,3.0,,GGACTACHVGGGTWTCTAAT,human,,stool,,,,,,CR014,FSH07FU0F03,,,,CR014_M12,
DB38.323,13246.0,0.0,,,,P-323,CTTCCAACTCAT,seker,,,DB38,01_03_2026,DB38.323,,HiKapa,,,,,GGACTACHVGGGTWTCTAAT,human,,stool,,,,,,SK1579,FSH07FTXA08,,,,SK1579F0326,
DB38.074,564.0,0.0,,,,P-074,TAGGCATGCTTG,CORE,Israel,,DB38,15_02_2024,DB38.074,,HiKapa,,,3.0,,GGACTACHVGGGTWTCTAAT,human,,stool,,,,,,CR070,FSH07FU0B10,,,,CR070_M6,
DB38.321,17990.0,62.0,,,,P-321,TCGCCGTGTACA,seker,,,DB38,01_03_2026,DB38.321,,HiKapa,,,,,GGACTACHVGGGTWTCTAAT,human,,stool,,,,,,SK1577,FSH07FTXG07,,,,SK1577F0326,
DB38.105,14618.0,0.0,,,,P-105,ACTTGGTGTAAG,CORE,Israel,,DB38,,DB38.105,,HiKapa,,,3.0,,GGACTACHVGGGTWTCTAAT,human,,stool,,,,,,CR014,FSH07FTZA03,,,,CR014_M21,
DB38.062,15580.0,0.0,,,,P-062,GCTCGAAGATTC,CORE,Israel,,DB38,16_04_2024,DB38.062,,HiKapa,,,3.0,,GGACTACHVGGGTWTCTAAT,human,,stool,,,,,,CR069,FSH07FU0F08,,,,CR069_M9,
DB38.315,11910.0,0.0,,,,P-315,CTACTTACATCC,seker,,,DB38,01_04_2026,DB38.315,,HiKapa,,,,,GGACTACHVGGGTWTCTAAT,human,,stool,,,,,,SK1569,FSH07FTXA07,,,,SK1569F0426,
DB38.137,11634.0,0.0,,,,P-137,CAGAAATGTGTC,CORE,Israel,,DB38,,DB38.137,,HiKapa,,,3.0,,GGACTACHVGGGTWTCTAAT,human,,stool,,,,,,CR051,FSH07FTZH06,,,,CR051_M21,
DB38.091,5633.0,0.0,,,,P-091,TGTAACGCCGAT,CORE,Israel,,DB38,,DB38.091,,HiKapa,,,3.0,,GGACTACHVGGGTWTCTAAT,human,,stool,,,,,,CR002,FSH07FTZC01,,,,CR002_M18,
DB38.428,22098.0,0.0,,,,P-428,CGGCCTAAGTTC,avia,,,DB38,,DB38.428,,TAKARA,,,10.0,,GGACTACHVGGGTWTCTAAT,consortium,,stool,,,,,,,manual4_rotem_8,,,,CD2,
DB38.227,6973.0,0.0,,,,P-227,CACCCGATGGTT,CORE,Israel,,DB38,14_03_2023,DB38.227,,HiKapa,,,5.0,,GGACTACHVGGGTWTCTAAT,human,,stool,,,,,,CR016,FSH07FTYB07,,,,CR016_M1,
DB38.326,23818.0,0.0,,,,P-326,TGTTAAGCAGCA,seker,,,DB38,01_04_2026,DB38.326,,HiKapa,,,,,GGACTACHVGGGTWTCTAAT,human,,stool,,,,,,SK1584,FSH07FTXD08,,,,SK1584F0426,
DB38.349,94.0,0.0,,,,P-349,ACCTGGGAATAT,seker,,,DB38,01_11_2025,DB38.349,,HiKapa,,,,,GGACTACHVGGGTWTCTAAT,human,,stool,,,,,,SK1444,FSH07FTXC11,,,,SK1444F1125,
DB38.251,1953.0,0.0,,,,P-251,CCTTGACCGATG,CORE,Israel,,DB38,,DB38.251,,HiKapa,,,3.0,,GGACTACHVGGGTWTCTAAT,human,,stool,,,,,,CR048,FSH07FTYB10,,,,CR048_M14,
DB38.108,5575.0,0.0,,,,P-108,GCACACCTGATA,CORE,Israel,,DB38,,DB38.108,,HiKapa,,,3.0,,GGACTACHVGGGTWTCTAAT,human,,stool,,,,,,CR016,FSH07FTZD03,,,,CR016_M24,
DB38.403,51.0,0.0,,,,P-403,TGAGGACTACCT,BGI,,,DB38,,DB38.403,,HiKapa,,,10.0,,GGACTACHVGGGTWTCTAAT,,,stool,,,,,,,manual_rotem_8,,,,NT-50391,
DB38.164,145.0,0.0,,,,P-164,TTAACCTTCCTG,CORE,Israel,,DB38,19_08_2024,DB38.164,,HiKapa,,,10.0,,GGACTACHVGGGTWTCTAAT,human,,stool,,,,,,CR042,FSH07FTZC10,,,,CR042_M24,
DB38.252,1856.0,0.0,,,,P-252,CTATCATCCTCA,CORE,Israel,,DB38,,DB38.252,,HiKapa,,,3.0,,GGACTACHVGGGTWTCTAAT,human,,stool,,,,,,CR048,FSH07FTYC10,,,,CR048_M13,
DB38.209,3675.0,0.0,,,,P-209,TGTGGCTCGTGT,CORE,Israel,,DB38,20_05_2023,DB38.209,,HiKapa,,,5.0,,GGACTACHVGGGTWTCTAAT,human,,stool,,,,,,CR022,FSH07FTYH04,,,,CR022_M2,
DB38.044,308.0,0.0,,,,P-044,TAATACGGATCG,CORE,Israel,,DB38,22_02_2024,DB38.044,,HiKapa,,,10.0,,GGACTACHVGGGTWTCTAAT,human,,stool,,,,,,CR013,FSH07FU0D06,,,,CR013_M9,
DB38.107,820.0,0.0,,,,P-107,TCACCTCCTTGT,CORE,Israel,,DB38,,DB38.107,,HiKapa,,,5.0,,GGACTACHVGGGTWTCTAAT,human,,stool,,,,,,CR016,FSH07FTZC03,,,,CR016_M21,
DB38.226,8832.0,0.0,,,,P-226,GGAATCCGATTA,CORE,Israel,,DB38,27_07_2023,DB38.226,,HiKapa,,,5.0,,GGACTACHVGGGTWTCTAAT,human,,stool,,,,,,CR002,FSH07FTYA07,,,,CR002_M1,
DB38.106,9399.0,0.0,,,,P-106,TCTTGGAGGTCA,CORE,Israel,,DB38,,DB38.106,,HiKapa,,,3.0,,GGACTACHVGGGTWTCTAAT,human,,stool,,,,,,CR014,FSH07FTZB03,,,,CR014_M24,
DB38.130,19485.0,0.0,,,,P-130,GCCAACAACCAT,CORE,Israel,,DB38,,DB38.130,,HiKapa,,,10.0,,GGACTACHVGGGTWTCTAAT,human,,stool,,,,,,CR045,FSH07FTZA06,,,,CR045_M18,
DB38.334,25642.0,2508.0,,,,P-334,CTGTGTCCATGG,CORE,,,DB38,,DB38.334,,HiKapa,,,,,GGACTACHVGGGTWTCTAAT,human,,stool,,,,,,CR027,FSH07FTXD09,,,,CR027_M4,
DB38.407,11.0,0.0,,,,P-407,GGAGGAGCAATA,BGI,,,DB38,,DB38.407,,HiKapa,,,10.0,,GGACTACHVGGGTWTCTAAT,,,stool,,,,,,,manual_rotem_8,,,,873,
DB38.208,7589.0,0.0,,,,P-208,TTCGATGCCGCA,CORE,Israel,,DB38,01_05_2024,DB38.208,,HiKapa,,,3.0,,GGACTACHVGGGTWTCTAAT,human,,stool,,,,,,CR022,FSH07FTYG04,,,,CR022_M10,
DB38.131,4850.0,0.0,,,,P-131,ATCAGTACTAGG,CORE,Israel,,DB38,,DB38.131,,HiKapa,,,3.0,,GGACTACHVGGGTWTCTAAT,human,,stool,,,,,,CR045,FSH07FTZB06,,,,CR045_M21,
DB38.049,4.0,0.0,,,,P-049,GGCCAGTTCCTA,CORE,Israel,,DB38,19_02_2024,DB38.049,,HiKapa,,,10.0,,GGACTACHVGGGTWTCTAAT,human,,stool,,,,,,CR001,FSH07FU0A07,,,,CR001_M9,
DB38.065,8802.0,0.0,,,,P-065,ACTTCCAACTTC,CORE,Israel,,DB38,12_02_2024,DB38.065,,HiKapa,,,3.0,,GGACTACHVGGGTWTCTAAT,human,,stool,,,,,,CR024,FSH07FU0A09,,,,CR024_M9,
DB38.153,12183.0,0.0,,,,P-153,GAAACATCCCAC,CORE,Israel,,DB38,,DB38.153,,HiKapa,,,3.0,,GGACTACHVGGGTWTCTAAT,human,,stool,,,,,,CR073,FSH07FTZH08,,,,CR073_M15,
DB38.170,17589.0,0.0,,,,P-170,CGCAGATTAGTA,CORE,Israel,,DB38,07_05_2025,DB38.170,,HiKapa,,,3.0,,GGACTACHVGGGTWTCTAAT,human,,stool,,,,,,CR020,FSH07FTZA11,,,,CR020_M24,
DB38.240,22955.0,3.0,,,,P-240,ATTGTTCCTACC,CORE,Israel,,DB38,22_06_2023,DB38.240,,HiKapa,,,3.0,,GGACTACHVGGGTWTCTAAT,human,,stool,,,,,,CR042,FSH07FTYG08,,,,CR042_M1,
DB38.383,3879.0,0.0,,,,P-383,CGTTCCTTGTTA,CORE,,,DB38,26_12_2023,DB38.383,,HiKapa,,,,,GGACTACHVGGGTWTCTAAT,human,,stool,,,,,,CR051,manual_gilat_27,,,,CR051_M6,
DB38.331,25519.0,0.0,,,,P-331,GAGGACCAGCAA,seker,,,DB38,01_04_2026,DB38.331,,HiKapa,,,,,GGACTACHVGGGTWTCTAAT,human,,stool,,,,,,SK1597,FSH07FTXA09,,,,SK1597F0426,
DB38.269,5826.0,0.0,,,,P-269,ATGGGCGAATGG,BGI,,,DB38,,DB38.269,,HiKapa,,,,,GGACTACHVGGGTWTCTAAT,isolates,,stool,,,,,,,FSH07FTXC01,,,,AL-HM-1038,
DB38.284,22240.0,0.0,,,,P-284,ATAACATGTGCG,BGI,,,DB38,,DB38.284,,HiKapa,,,,,GGACTACHVGGGTWTCTAAT,isolates,,stool,,,,,,,FSH07FTXB03,,,,AL-b.Tet,
DB38.026,14482.0,944.0,,,,P-026,AGTCGTGCACAT,CORE,Israel,,DB38,25_03_2024,DB38.026,,HiKapa,,,3.0,,GGACTACHVGGGTWTCTAAT,human,,stool,,,,,,CR027,FSH07FU0B04,,,,CR027_M12,
DB38.122,5512.0,0.0,,,,P-122,CATACCGTGAGT,CORE,Israel,,DB38,,DB38.122,,HiKapa,,,3.0,,GGACTACHVGGGTWTCTAAT,human,,stool,,,,,,CR033,FSH07FTZA05,,,,CR033_M24,
DB38.204,3859.0,0.0,,,,P-204,AGGGTGACTTTA,CORE,Israel,,DB38,,DB38.204,,HiKapa,,,3.0,,GGACTACHVGGGTWTCTAAT,human,,stool,,,,,,CR063,FSH07FTYC04,,,,CR063_M17,
DB38.301,36293.0,0.0,,,,P-301,TAAAGACCCGTA,seker,,,DB38,01_03_2026,DB38.301,,HiKapa,,,,,GGACTACHVGGGTWTCTAAT,human,,stool,,,,,,SK1552,FSH07FTXC05,,,,SK1552F0326,
DB38.037,10790.0,4.0,,,,P-037,TGCAGTCCTCGA,CORE,Israel,,DB38,07_02_2024,DB38.037,,HiKapa,,,3.0,,GGACTACHVGGGTWTCTAAT,human,,stool,,,,,,CR025,FSH07FU0E05,,,,CR025_M9,
DB38.351,1917.0,0.0,,,,P-351,ATATGACCCAGC,seker,,,DB38,01_06_2025,DB38.351,,HiKapa,,,,,GGACTACHVGGGTWTCTAAT,human,,stool,,,,,,SK1239,FSH07FTXE11,,,,SK1239F0625,
DB38.195,6117.0,0.0,,,,P-195,CTGAAGGGCGAA,CORE,Israel,,DB38,,DB38.195,,HiKapa,,,3.0,,GGACTACHVGGGTWTCTAAT,human,,stool,,,,,,CR022,FSH07FTYB03,,,,CR022_M16,
DB38.147,5876.0,0.0,,,,P-147,ACAACACTCCGA,CORE,Israel,,DB38,,DB38.147,,HiKapa,,,3.0,,GGACTACHVGGGTWTCTAAT,human,,stool,,,,,,CR068,FSH07FTZB08,,,,CR068_M18,
DB38.372,5666.0,0.0,,,,P-372,CGATCGAACACT,avia,,,DB38,,DB38.372,,HiKapa,,,,,GGACTACHVGGGTWTCTAAT,pooling,,stool,,,,,,,manual_gilat,,,,uc5,
DB38.019,10928.0,8.0,,,,P-019,CCAATACGCCTG,CORE,Israel,,DB38,07_05_2024,DB38.019,,HiKapa,,,3.0,,GGACTACHVGGGTWTCTAAT,human,,stool,,,,,,CR024,FSH07FU0C03,,,,CR024_M12,
DB38.314,67381.0,0.0,,,,P-314,AGGCACAGTAGG,seker,,,DB38,01_03_2026,DB38.314,,HiKapa,,,,,GGACTACHVGGGTWTCTAAT,human,,stool,,,,,,SK1568,FSH07FTXH06,,,,SK1568F0326,
DB38.408,6.0,0.0,,,,P-408,AGCGACGAAGAC,BGI,,,DB38,,DB38.408,,HiKapa,,,10.0,,GGACTACHVGGGTWTCTAAT,,,stool,,,,,,,manual_rotem_8,,,,TUM5,
DB38.075,689.0,0.0,,,,P-075,AACTAGTTCAGG,CORE,Israel,,DB38,22_01_2024,DB38.075,,HiKapa,,,10.0,,GGACTACHVGGGTWTCTAAT,human,,stool,,,,,,CR069,FSH07FU0C10,,,,CR069_M6,
DB38.310,20024.0,0.0,,,,P-310,CAGTCGTTAAGA,seker,,,DB38,01_03_2026,DB38.310,,HiKapa,,,,,GGACTACHVGGGTWTCTAAT,human,,stool,,,,,,SK1561,FSH07FTXD06,,,,SK1561F0326,
DB38.229,207.0,0.0,,,,P-229,ATCCCTACGGAA,CORE,Israel,,DB38,15_03_2023,DB38.229,,HiKapa,,,10.0,,GGACTACHVGGGTWTCTAAT,human,,stool,,,,,,CR017,FSH07FTYD07,,,,CR017_M1,
DB38.376,12681.0,0.0,,,,P-376,TCCGTGGTATAG,CORE,,,DB38,10_03_2024,DB38.376,,HiKapa,,,,,GGACTACHVGGGTWTCTAAT,human,,stool,,,,,,CR035,manual_gilat_27,,,,CR035_M9,
DB38.285,4235.0,0.0,,,,P-285,CTTGAGAAATCG,BGI,,,DB38,,DB38.285,,HiKapa,,,,,GGACTACHVGGGTWTCTAAT,isolates,,stool,,,,,,,FSH07FTXC03,,,,AL-TUM3,
DB38.141,14150.0,0.0,,,,P-141,GGATCGTAATAC,CORE,Israel,,DB38,,DB38.141,,HiKapa,,,3.0,,GGACTACHVGGGTWTCTAAT,human,,stool,,,,,,CR060,FSH07FTZD07,,,,CR060_M18,
DB38.166,8844.0,0.0,,,,P-166,CGTGACAATAGT,CORE,Israel,,DB38,25_05_2025,DB38.166,,HiKapa,,,3.0,,GGACTACHVGGGTWTCTAAT,human,,stool,,,,,,CR022,FSH07FTZE10,,,,CR022_M24,
DB38.146,6088.0,0.0,,,,P-146,AGAGTCTTGCCA,CORE,Israel,,DB38,,DB38.146,,HiKapa,,,3.0,,GGACTACHVGGGTWTCTAAT,human,,stool,,,,,,CR067,FSH07FTZA08,,,,CR067_M21,
DB38.356,89.0,0.0,,,,P-356,CAGATTAACCAG,seker,,,DB38,,DB38.356,,HiKapa,,,,,GGACTACHVGGGTWTCTAAT,human,,stool,,,,,,SK1506,FSH07FTXB12,,,,SK1506,
DB38.217,17552.0,0.0,,,,P-217,ATTTAGGACGAC,CORE,Israel,,DB38,14_03_2023,DB38.217,,HiKapa,,,3.0,,GGACTACHVGGGTWTCTAAT,human,,stool,,,,,,CR016,FSH07FTYH05,,,,CR016_M2,
DB38.369,8.0,0.0,,,,P-369,GTTCCTCCATTA,avia,,,DB38,,DB38.369,,HiKapa,,,,,GGACTACHVGGGTWTCTAAT,pooling,,stool,,,,,,,manual_gilat,,,,uc4,
DB38.063,6456.0,0.0,,,,P-063,AGGCTTACGTGT,CORE,Israel,,DB38,08_03_2024,DB38.063,,HiKapa,,,3.0,,GGACTACHVGGGTWTCTAAT,human,,stool,,,,,,CR019,FSH07FU0G08,,,,CR019_M9,
DB38.375,13453.0,0.0,,,,P-375,CCTACATGAGAC,CORE,,,DB38,19_02_2024,DB38.375,,HiKapa,,,,,GGACTACHVGGGTWTCTAAT,human,,stool,,,,,,CR001,manual_gilat_27,,,,CR001_M9,
DB38.272,21349.0,0.0,,,,P-272,TACGGATTATGG,BGI,,,DB38,,DB38.272,,HiKapa,,,,,GGACTACHVGGGTWTCTAAT,isolates,,stool,,,,,,,FSH07FTXF01,,,,AL-M13,
DB38.249,9832.0,0.0,,,,P-249,CTCCCTTTGTGT,CORE,Israel,,DB38,,DB38.249,,HiKapa,,,3.0,,GGACTACHVGGGTWTCTAAT,human,,stool,,,,,,CR014,FSH07FTYH09,,,,CR014_M17,
DB38.250,1953.0,120.0,,,,P-250,AGCTGCACCTAA,CORE,Israel,,DB38,07_06_2024,DB38.250,,HiKapa,,,3.0,,GGACTACHVGGGTWTCTAAT,human,,stool,,,,,,CR027,FSH07FTYA10,,,,CR027_M14,
DB38.233,13714.0,0.0,,,,P-233,AGCGTAATTAGC,CORE,Israel,,DB38,26_08_2023,DB38.233,,HiKapa,,,3.0,,GGACTACHVGGGTWTCTAAT,human,,stool,,,,,,CR051,FSH07FTYG07,,,,CR051_M1,
DB38.318,4637.0,0.0,,,,P-318,ACCAATCTCGGC,seker,,,DB38,01_03_2026,DB38.318,,HiKapa,,,,,GGACTACHVGGGTWTCTAAT,human,,stool,,,,,,SK1573,FSH07FTXD07,,,,SK1573F0326,
DB38.370,68.0,0.0,,,,P-370,ACCTGTCCTTTC,avia,,,DB38,,DB38.370,,HiKapa,,,,,GGACTACHVGGGTWTCTAAT,pooling,,stool,,,,,,,manual_gilat,,,,cd2,
DB38.186,21780.0,0.0,,,,P-186,CTGATCCATCTT,CORE,Israel,,DB38,23_07_2025,DB38.186,,HiKapa,,,3.0,,GGACTACHVGGGTWTCTAAT,human,,stool,,,,,,CR070,FSH07FTYA02,,,,CR070_M24,
DB38.156,20652.0,0.0,,,,P-156,TCGTGCGTGTTG,CORE,Israel,,DB38,01_04_2024,DB38.156,,HiKapa,,,3.0,,GGACTACHVGGGTWTCTAAT,human,,stool,,,,,,CR068,FSH07FTZC09,,,,CR068_M21,
DB38.157,6506.0,0.0,,,,P-157,GTTATCGCATGG,CORE,Israel,,DB38,08_04_2025,DB38.157,,HiKapa,,,3.0,,GGACTACHVGGGTWTCTAAT,human,,stool,,,,,,CR064,FSH07FTZD09,,,,CR064_M21,
DB38.098,8086.0,0.0,,,,P-098,GATTATCGACGA,CORE,Israel,,DB38,,DB38.098,,HiKapa,,,3.0,,GGACTACHVGGGTWTCTAAT,human,,stool,,,,,,CR007,FSH07FTZB02,,,,CR007_M24,
DB38.050,6869.0,0.0,,,,P-050,GATGTTCGCTAG,CORE,Israel,,DB38,08_02_2024,DB38.050,,HiKapa,,,3.0,,GGACTACHVGGGTWTCTAAT,human,,stool,,,,,,CR010,FSH07FU0B07,,,,CR010_M9,
DB38.155,7429.0,0.0,,,,P-155,TCAGTTCTCGTT,CORE,Israel,,DB38,25_10_2023,DB38.155,,HiKapa,,,3.0,,GGACTACHVGGGTWTCTAAT,human,,stool,,,,,,CR025,FSH07FTZB09,,,,CR025_M6,
DB38.374,5929.0,0.0,,,,P-374,GAGTACAGTCTA,avia,,,DB38,,DB38.374,,HiKapa,,,,,GGACTACHVGGGTWTCTAAT,pooling,,stool,,,,,,,manual_gilat,,,,uc4,
DB38.016,17092.0,0.0,,,,P-016,GTAGATCGTGTA,CORE,Israel,,DB38,02_12_2023,DB38.016,,HiKapa,,,3.0,,GGACTACHVGGGTWTCTAAT,human,,stool,,,,,,CR048,FSH07FU0H02,,,,CR048_M4,
DB38.053,6.0,0.0,,,,P-053,ATGATGAGCCTC,CORE,Israel,,DB38,10_03_2024,DB38.053,,HiKapa,,,10.0,,GGACTACHVGGGTWTCTAAT,human,,stool,,,,,,CR035,FSH07FU0E07,,,,CR035_M9,
DB38.018,8662.0,0.0,,,,P-018,CATTATGGCGTG,CORE,Israel,,DB38,,DB38.018,,HiKapa,,,3.0,,GGACTACHVGGGTWTCTAAT,human,,stool,,,,,,CR034,FSH07FU0B03,,,,CR034_M4,
DB38.196,26.0,0.0,,,,P-196,CGCTCACAGAAT,CORE,Israel,,DB38,,DB38.196,,HiKapa,,,10.0,,GGACTACHVGGGTWTCTAAT,human,,stool,,,,,,CR038,FSH07FTYC03,,,,CR038_M16,
DB38.328,56266.0,0.0,,,,P-328,ACTTTGCTTTGC,seker,,,DB38,01_04_2026,DB38.328,,HiKapa,,,3.0,,GGACTACHVGGGTWTCTAAT,human,,stool,,,,,,SK1591,manual4_rotem_4,,,,SK1591F0426,
DB38.224,15611.0,0.0,,,,P-224,GTAATGCGTAAC,CORE,Israel,,DB38,23_07_2023,DB38.224,,HiKapa,,,3.0,,GGACTACHVGGGTWTCTAAT,human,,stool,,,,,,CR051,FSH07FTYG06,,,,CR051_M2,
DB38.042,15548.0,0.0,,,,P-042,TTGGGTACACGT,CORE,Israel,,DB38,26_02_2024,DB38.042,,HiKapa,,,3.0,,GGACTACHVGGGTWTCTAAT,human,,stool,,,,,,CR002,FSH07FU0B06,,,,CR002_M9,
DB38.432,48.0,0.0,,,,P-432,AACTCCTGTGGA,avia,,,DB38,,DB38.432,,TAKARA,,,5.0,,GGACTACHVGGGTWTCTAAT,consortium,,stool,,,,,,,manual_gilat_takara,,,,UC2_v2,
DB38.312,30028.0,13.0,,,,P-312,ATAATTGCCGAG,seker,,,DB38,01_03_2026,DB38.312,,HiKapa,,,,,GGACTACHVGGGTWTCTAAT,human,,stool,,,,,,SK1564,FSH07FTXF06,,,,SK1564F0326,
DB38.256,950.0,0.0,,,,P-256,CTTAGGCATGTG,CORE,Israel,,DB38,,DB38.256,,HiKapa,,,10.0,,GGACTACHVGGGTWTCTAAT,human,,stool,,,,,,CR063,FSH07FTYG10,,,,CR063_M14,
DB38.237,17977.0,0.0,,,,P-237,GGTTTAACACGC,CORE,Israel,,DB38,,DB38.237,,HiKapa,,,3.0,,GGACTACHVGGGTWTCTAAT,human,,stool,,,,,,CR004,FSH07FTYD08,,,,CR004_M1,
DB38.232,1329.0,0.0,,,,P-232,CCGAGGTATAAT,CORE,Israel,,DB38,16_07_2023,DB38.232,,HiKapa,,,3.0,,GGACTACHVGGGTWTCTAAT,human,,stool,,,,,,CR034,FSH07FTYF07,,,,CR034_M1,
DB38.293,4499.0,0.0,,,,P-293,CCAGACCGCTAT,seker,,,DB38,01_02_2026,DB38.293,,HiKapa,,,,,GGACTACHVGGGTWTCTAAT,human,,stool,,,,,,SK1534,FSH07FTXC04,,,,SK1534F0226,
DB38.017,14376.0,0.0,,,,P-017,TAACGTGTGTGC,CORE,Israel,,DB38,21_05_2024,DB38.017,,HiKapa,,,3.0,,GGACTACHVGGGTWTCTAAT,human,,stool,,,,,,CR039,FSH07FU0A03,,,,CR039_M12,
DB38.176,25164.0,0.0,,,,P-176,TAATCGGTGCCA,CORE,Israel,,DB38,09_06_2025,DB38.176,,HiKapa,,,3.0,,GGACTACHVGGGTWTCTAAT,human,,stool,,,,,,CR045,FSH07FTZG11,,,,CR045_M24,
DB38.114,5311.0,0.0,,,,P-114,CGTGCTTAGGCT,CORE,Israel,,DB38,,DB38.114,,HiKapa,,,3.0,,GGACTACHVGGGTWTCTAAT,human,,stool,,,,,,CR022,FSH07FTZB04,,,,CR022_M21,
DB38.433,16852.0,0.0,,,,P-433,TAATGGTCGTAG,avia,,,DB38,,DB38.433,,HiKapa,,,3.0,,GGACTACHVGGGTWTCTAAT,human,,stool,,,,,,,manual_gilat_HiKapa,,,,A039,
DB38.396,9474.0,33.0,,,,P-396,CTCTCTCACTTG,CORE,,,DB38,,DB38.396,,HiKapa,,,,,GGACTACHVGGGTWTCTAAT,human,,stool,,,,,,CR061,manual_gilat_27,,,,CR061_M12,
DB38.172,16763.0,0.0,,,,P-172,CACTGGTGCATA,CORE,Israel,,DB38,08_05_2025,DB38.172,,HiKapa,,,3.0,,GGACTACHVGGGTWTCTAAT,human,,stool,,,,,,CR070,FSH07FTZC11,,,,CR070_M21,
DB38.060,22055.0,0.0,,,,P-060,CGGTCAATTGAC,CORE,Israel,,DB38,19_03_2024,DB38.060,,HiKapa,,,3.0,,GGACTACHVGGGTWTCTAAT,human,,stool,,,,,,CR053,FSH07FU0D08,,,,CR053_M9,
DB38.138,1257.0,0.0,,,,P-138,GTAGAGGTAGAG,CORE,Israel,,DB38,,DB38.138,,HiKapa,,,3.0,,GGACTACHVGGGTWTCTAAT,human,,stool,,,,,,CR053,FSH07FTZA07,,,,CR053_M21,
DB38.112,2061.0,0.0,,,,P-112,GAGAGCAACAGA,CORE,Israel,,DB38,,DB38.112,,HiKapa,,,3.0,,GGACTACHVGGGTWTCTAAT,human,,stool,,,,,,CR020,FSH07FTZH03,,,,CR020_M21,
DB38.151,4409.0,0.0,,,,P-151,AGCTATGTATGG,CORE,Israel,,DB38,,DB38.151,,HiKapa,,,3.0,,GGACTACHVGGGTWTCTAAT,human,,stool,,,,,,CR071,FSH07FTZF08,,,,CR071_M18,
DB38.333,32.0,0.0,,,,P-333,CGGAGTAATCCT,negative_control,,,DB38,,DB38.333,,HiKapa,,,,,GGACTACHVGGGTWTCTAAT,negative_control,,,,,,,,,FSH07FTXC09,,,,swab_020426,
DB38.345,21653.0,0.0,,,,P-345,AAGTCACACACA,seker,,,DB38,01_12_2025,DB38.345,,HiKapa,,,10.0,,GGACTACHVGGGTWTCTAAT,human,,stool,,,,,,SK1467,manual4_rotem_4,,,,SK1467F1225,
DB38.179,515.0,0.0,,,,P-179,TTGACCGCGGTT,CORE,Israel,,DB38,,DB38.179,,HiKapa,,,10.0,,GGACTACHVGGGTWTCTAAT,human,,stool,,,,,,CR022,FSH07FTYB01,,,,CR022_M16,
DB38.336,23.0,0.0,,,,P-336,ATAGGCTGTAGT,seker,,,DB38,01_09_2025,DB38.336,,HiKapa,,,,,GGACTACHVGGGTWTCTAAT,human,,stool,,,,,,SK1325,FSH07FTXF09,,,,SK1325F0925,
DB38.254,2140.0,0.0,,,,P-254,CGATAGGCCTTA,CORE,Israel,,DB38,18_03_2024,DB38.254,,HiKapa,,,3.0,,GGACTACHVGGGTWTCTAAT,human,,stool,,,,,,CR053,FSH07FTYE10,,,,CR053_M10,
DB38.411,8.0,0.0,,,,P-411,GCTAGACACTAC,CORE,,,DB38,06_10_2024,DB38.411,,HiKapa,,,10.0,,GGACTACHVGGGTWTCTAAT,human,,stool,,,,,,CR016,manual_rotem_8,,,,CR016_M18,
DB38.055,208.0,0.0,,,,P-055,TGTCGCAAATAG,CORE,Israel,,DB38,19_02_2024,DB38.055,,HiKapa,,,10.0,,GGACTACHVGGGTWTCTAAT,human,,stool,,,,,,CR039,FSH07FU0G07,,,,CR039_M9,
DB38.066,13550.0,0.0,,,,P-066,CTCACCTAGGAA,CORE,Israel,,DB38,15_04_2024,DB38.066,,HiKapa,,,3.0,,GGACTACHVGGGTWTCTAAT,human,,stool,,,,,,CR063,FSH07FU0B09,,,,CR063_M9,
DB38.021,12841.0,0.0,,,,P-021,CAGCTCATCAGC,CORE,Israel,,DB38,20_03_2024,DB38.021,,HiKapa,,,3.0,,GGACTACHVGGGTWTCTAAT,human,,stool,,,,,,CR016,FSH07FU0E03,,,,CR016_M12,
DB38.324,29202.0,3.0,,,,P-324,GAGATCGCCTAT,seker,,,DB38,01_03_2026,DB38.324,,HiKapa,,,,,GGACTACHVGGGTWTCTAAT,human,,stool,,,,,,SK1581,FSH07FTXB08,,,,SK1581F0326,
DB38.113,10425.0,0.0,,,,P-113,TACTCGGGAACT,CORE,Israel,,DB38,,DB38.113,,HiKapa,,,3.0,,GGACTACHVGGGTWTCTAAT,human,,stool,,,,,,CR021,FSH07FTZA04,,,,CR021_M21,
DB38.335,11220.0,0.0,,,,P-335,CTTCGCGGATGT,CORE,,,DB38,,DB38.335,,HiKapa,,,,,GGACTACHVGGGTWTCTAAT,human,,stool,,,,,,CR022,FSH07FTXE09,,,,CR022_M4,
DB38.268,29865.0,0.0,,,,P-268,GAGCGTATCCAT,BGI,,,DB38,,DB38.268,,HiKapa,,,,,GGACTACHVGGGTWTCTAAT,isolates,,stool,,,,,,,FSH07FTXB01,,,,AL-HM-202,
DB38.401,30.0,0.0,,,,P-401,GATGACCCAAAT,BGI,,,DB38,,DB38.401,,HiKapa,,,10.0,,GGACTACHVGGGTWTCTAAT,,,stool,,,,,,,manual_rotem_8,,,,M9,
DB38.373,41285.0,5.0,,,,P-373,CATGCCAACATG,avia,,,DB38,,DB38.373,,HiKapa,,,,,GGACTACHVGGGTWTCTAAT,pooling,,stool,,,,,,,manual_gilat,,,,cd3,
DB38.325,24886.0,0.0,,,,P-325,TGTACATCGCCG,seker,,,DB38,01_03_2026,DB38.325,,HiKapa,,,,,GGACTACHVGGGTWTCTAAT,human,,stool,,,,,,SK1583,FSH07FTXC08,,,,SK1583F0326,
DB38.281,10350.0,0.0,,,,P-281,ACCTTACACCTT,BGI,,,DB38,,DB38.281,,HiKapa,,,,,GGACTACHVGGGTWTCTAAT,isolates,,stool,,,,,,,FSH07FTXG02,,,,AL-HM-1056,
DB38.087,4587.0,0.0,,,,P-087,GGACTTCCAGCT,CORE,Israel,,DB38,03_03_2024,DB38.087,,HiKapa,,,3.0,,GGACTACHVGGGTWTCTAAT,human,,stool,,,,,,CR071,FSH07FU0G11,,,,CR071_M6,
DB38.282,5.0,0.0,,,,P-282,GTAGGTGCTTAC,BGI,,,DB38,,DB38.282,,HiKapa,,,,,GGACTACHVGGGTWTCTAAT,isolates,,stool,,,,,,,FSH07FTXH02,,,,AL-control,
DB38.061,12922.0,0.0,,,,P-061,GTGGAGTCTCAT,CORE,Israel,,DB38,16_05_2024,DB38.061,,HiKapa,,,3.0,,GGACTACHVGGGTWTCTAAT,human,,stool,,,,,,CR072,FSH07FU0E08,,,,CR072_M9,
DB38.047,11879.0,0.0,,,,P-047,CATTCGTGGCGT,CORE,Israel,,DB38,06_02_2024,DB38.047,,HiKapa,,,3.0,,GGACTACHVGGGTWTCTAAT,human,,stool,,,,,,CR020,FSH07FU0G06,,,,CR020_M9,
DB38.354,92956.0,0.0,,,,P-354,TTATGGTACGGA,seker,,,DB38,01_01_2026,DB38.354,,HiKapa,,,3.0,,GGACTACHVGGGTWTCTAAT,human,,stool,,,,,,SK1514,manual4_rotem_4,,,,SK1514F0126,
DB38.390,10469.0,0.0,,,,P-390,CCTAGTAAGCTG,CORE,,,DB38,19_08_2025,DB38.390,,HiKapa,,,,,GGACTACHVGGGTWTCTAAT,human,,stool,,,,,,CR071,manual_gilat_27,,,,CR071_M24,
DB38.005,14185.0,0.0,,,,P-005,ATCGCACAGTAA,CORE,Israel,,DB38,,DB38.005,,HiKapa,,,3.0,,GGACTACHVGGGTWTCTAAT,human,,stool,,,,,,CR029,FSH07FU0E01,,,,CR029_M4,
DB38.159,14834.0,0.0,,,,P-159,GTAAATTCAGGC,CORE,Israel,,DB38,23_04_2025,DB38.159,,HiKapa,,,3.0,,GGACTACHVGGGTWTCTAAT,human,,stool,,,,,,CR025,FSH07FTZF09,,,,CR025_M24,
DB38.228,1581.0,0.0,,,,P-228,TTCTGAGAGGTA,CORE,Israel,,DB38,,DB38.228,,HiKapa,,,10.0,,GGACTACHVGGGTWTCTAAT,human,,stool,,,,,,CR022,FSH07FTYC07,,,,CR022_M1,
DB38.427,28661.0,358.0,,,,P-427,CGTGCACAATTG,avia,,,DB38,,DB38.427,,TAKARA,,,5.0,,GGACTACHVGGGTWTCTAAT,consortium,,stool,,,,,,,manual_gilat_takara,,,,healthy_5,
DB38.431,18322.0,21.0,,,,P-431,CGAGGTTCTGAT,avia,,,DB38,,DB38.431,,TAKARA,,,5.0,,GGACTACHVGGGTWTCTAAT,consortium,,stool,,,,,,,manual_gilat_takara,,,,UC5,
DB38.322,16554.0,0.0,,,,P-322,AACTGCGATATG,seker,,,DB38,01_03_2026,DB38.322,,HiKapa,,,,,GGACTACHVGGGTWTCTAAT,human,,stool,,,,,,SK1578,FSH07FTXH07,,,,SK1578F0326,
DB38.230,7803.0,666.0,,,,P-230,GGTTCCATTAGG,CORE,Israel,,DB38,29_06_2023,DB38.230,,HiKapa,,,3.0,,GGACTACHVGGGTWTCTAAT,human,,stool,,,,,,CR027,FSH07FTYE07,,,,CR027_M1,
DB38.069,35.0,0.0,,,,P-069,TATCGACACAAG,CORE,Israel,,DB38,05_03_2024,DB38.069,,HiKapa,,,10.0,,GGACTACHVGGGTWTCTAAT,human,,stool,,,,,,CR031,FSH07FU0E09,,,,CR031_M9,
DB38.211,8714.0,0.0,,,,P-211,TGCACGTGATAA,CORE,Israel,,DB38,01_03_2024,DB38.211,,HiKapa,,,3.0,,GGACTACHVGGGTWTCTAAT,human,,stool,,,,,,CR048,FSH07FTYB05,,,,CR048_M10,
